"0",""
"0","## custom functions"
"0","# this function extracts the names from a vector of lists"
"0","getNames <- function(listvector){  assocNames <- NULL"
"0","for(lst in listvector){"
"0","  assocNames <- c(assocNames, names(unlist(lst)))"
"0","                  }"
"0","    return(assocNames)"
"0","}"
"0",""
"0","# this function extracts the values from a vector of lists"
"0","getCorLimits <- function(listvector){"
"0","  corLimits <- NULL"
"0","  for(lst in listvector){"
"0","    corLimits <- c(corLimits, unname(lst))"
"0","           }"
"0","  return(corLimits)"
"0","  }"
"0",""
"0","# import election data"
"0","beforeElection <- read_csv(""data/cleanDataBefore.csv"")"
"2","New names:"
"2","[1mRows: [22m[34m856[39m [1mColumns: [22m[34m5[39m"
"2","[36m──[39m [1mColumn specification[22m [36m─────────────────────────────────────────────────────────────────────────[39m
[1mDelimiter:[22m "",""
[31mchr[39m  (3): Keyword, Subreddit, text
[32mdbl[39m  (1): ...1
[34mdttm[39m (1): Created"
"2","
[36mℹ[39m Use `spec()` to retrieve the full column specification for this data.
[36mℹ[39m Specify the column types or set `show_col_types = FALSE` to quiet this message."
"0","afterElection <- read_csv(""data/cleanDataAfter.csv"")"
"2","New names:"
"2","[1mRows: [22m[34m1077[39m [1mColumns: [22m[34m5[39m"
"2","[36m──[39m [1mColumn specification[22m [36m─────────────────────────────────────────────────────────────────────────[39m
[1mDelimiter:[22m "",""
[31mchr[39m  (3): Keyword, Subreddit, text
[32mdbl[39m  (1): ...1
[34mdttm[39m (1): Created"
"2","
[36mℹ[39m Use `spec()` to retrieve the full column specification for this data.
[36mℹ[39m Specify the column types or set `show_col_types = FALSE` to quiet this message."
"0","head(beforeElection) # ID, Created, Keyword, Subreddit, text "
