"0",""
"0","# biggest words are democrat, vote, kamala, people, win, harris, president, state"
"0","# like, elect, win"
"0",""
"0","# explore word associations"
"0","# before word associations"
"0","voteAssoc_b <- findAssocs(beforeTDM, ""vote"", 0.4)"
"0","# want vote, can vote, give vote, legal vote, didn't/doesn't vote"
"0","# house vote, delegate vote, vote scenario, vote immigrant/immigation, vote liz cheney"
"0","trumpAssoc_b <- findAssocs(beforeTDM, ""trump"", 0.4)"
"0","# trump idaho,  trump mostly italian words above 0.5; wall, south, era, danger, destruct, nation, order, christian, appalachia"
"0","idahoAssoc_b <- findAssocs(beforeTDM, ""idaho"", 0.4) # difficult, disinformation, important"
"0","wallAssoc_b <- findAssocs(beforeTDM, ""wall"", 0.4) # dakota, cnn, camera, jim cramer, limit, swing, "
"0","southAssoc_b <- findAssocs(beforeTDM, ""south"", 0.4)"
"0","orderAssoc_b <- findAssocs(beforeTDM, ""order"", 0.4) # abbatoy, abolitionist, academia, accelerationist, analog, appalachia, architect, array, authoritarian, biodiesel, "
"0","electAssoc_b <- findAssocs(beforeTDM, ""elect"", 0.4)"
"0","# result, approv, day, rule"
"0","kamalaAssoc_b <- findAssocs(beforeTDM, ""kamala"", 0.4) # treatment, oprah, assassin, bitch, bryan, burn, fauxmoi"
"0","treatmentAssoc_b <- findAssocs(beforeTDM, ""treatment"", 0.4) # father, strong, reach"
"0","oprahAssoc_b <- findAssocs(beforeTDM, ""oprah"", 0.4) # amber, assassin, ball, bitch, bruce, bryan (cranston), burn,"
"0","assassinAssoc_b <- findAssocs(beforeTDM, ""assassin"", 0.4) # bitch, Bryan cranston endorses Kamala on tiktok, children, fauxmoi"
"0","burnAssoc_B <- findAssocs(beforeTDM, ""burn"", 0.4) # celebrity references, roe v. wade , unamerican, white, bias, racist, shoot"
"0","harrisAssoc_b <- findAssocs(beforeTDM, ""harris"", 0.4)"
"0",""
"0","# create the vector of lists by candidate before"
"0","beforeAssoc_trump <- c(voteAssoc_b, trumpAssoc_b, idahoAssoc_b, wallAssoc_b, southAssoc_b, orderAssoc_b)"
"0","beforeAssoc_harris<- c(electAssoc_b, kamalaAssoc_b, treatmentAssoc_b, oprahAssoc_b, assassinAssoc_b, burnAssoc_B, harrisAssoc_b)"
"0","str(beforeAssoc_trump)"
"1","List"
"1",""
"1"," of "
"1",""
"1","6"
"1",""
"1","
"
"1"," "
"1",""
"1","$ "
"1",""
"1","vote "
"1",""
"1",":"
"1"," Named num [1:6] "
"1",""
"1","0.53 0.48 0.45 0.42 0.41 0.41"
"1",""
"1","
"
"1","  .."
"1",""
"1","- attr(*, ""names"")="
"1"," chr [1:6] "
"1",""
"1","""want"" ""give"" ""reasons"" ""immigrants"""
"1",""
"1"," ..."
"1",""
"1","
"
"1"," "
"1",""
"1","$ "
"1",""
"1","trump"
"1",""
"1",":"
"1"," Named num [1:528] "
"1",""
"1","0.77 0.77 0.77 0.77 0.77 0.77 0.77 0.77 0.77 0.77"
"1",""
"1"," ..."
"1",""
"1","
"
"1","  .."
"1",""
"1","- attr(*, ""names"")="
"1"," chr [1:528] "
"1",""
"1","""abchttpswwwyoutubecomwatchvdypnuopyk"" ""accettato"" ""affluenza"" ""aggiornamenti"""
"1",""
"1"," ..."
"1",""
"1","
"
"1"," "
"1",""
"1","$ "
"1",""
"1","idaho"
"1",""
"1",":"
"1"," Named num [1:1142] "
"1",""
"1","0.85 0.74 0.71 0.71 0.71 0.71 0.71 0.71 0.71 0.71"
"1",""
"1"," ..."
"1",""
"1","
"
"1","  .."
"1",""
"1","- attr(*, ""names"")="
"1"," chr [1:1142] "
"1",""
"1","""associated"" ""trump"" ""“proud"" ""abbatoy"""
"1",""
"1"," ..."
"1",""
"1","
"
"1"," "
"1",""
"1","$ "
"1",""
"1","wall "
"1",""
"1",":"
"1"," Named num [1:531] "
"1",""
"1","0.82 0.82 0.82 0.82 0.82 0.82 0.82 0.82 0.82 0.82"
"1",""
"1"," ..."
"1",""
"1","
"
"1","  .."
"1",""
"1","- attr(*, ""names"")="
"1"," chr [1:531] "
"1",""
"1","""abchttpswwwyoutubecomwatchvdypnuopyk"" ""accettato"" ""affluenza"" ""aggiornamenti"""
"1",""
"1"," ..."
"1",""
"1","
"
"1"," "
"1",""
"1","$ "
"1",""
"1","south"
"1",""
"1",":"
"1"," Named num [1:525] "
"1",""
"1","0.84 0.8 0.8 0.8 0.8 0.8 0.8 0.8 0.8 0.8"
"1",""
"1"," ..."
"1",""
"1","
"
"1","  .."
"1",""
"1","- attr(*, ""names"")="
"1"," chr [1:525] "
"1",""
"1","""colorado"" ""abchttpswwwyoutubecomwatchvdypnuopyk"" ""accettato"" ""affluenza"""
"1",""
"1"," ..."
"1",""
"1","
"
"1"," "
"1",""
"1","$ "
"1",""
"1","order"
"1",""
"1",":"
"1"," Named num [1:676] "
"1",""
"1","0.94 0.94 0.94 0.94 0.94 0.94 0.94 0.94 0.94 0.94"
"1",""
"1"," ..."
"1",""
"1","
"
"1","  .."
"1",""
"1","- attr(*, ""names"")="
"1"," chr [1:676] "
"1",""
"1","""“proud"" ""abbatoy"" ""abolitionists"" ""academia"""
"1",""
"1"," ..."
"1",""
"1","
"
"0","unname(beforeAssoc_trump[[1]]) # test unname function"
"1","[1]"
"1"," 0.53"
"1"," 0.48"
"1"," 0.45"
"1"," 0.42"
"1"," 0.41"
"1"," 0.41"
"1","
"
"0","# create the vector of lists by candidate after"
"0",""
"0",""
"0","# combine the candidates word associations into data frames for word clouds"
"0","trumpwordsDF_b <- data.frame(words = getNames(beforeAssoc_trump), correlation = getCorLimits(beforeAssoc_trump))"
"0","head(trumpwordsDF_b)"
