"0",""
"0","# add a variable to denote before or after election"
"0","beforeElection <- beforeElection %>%"
"0","  mutate(Time = ""Before"")"
"0","afterElection <- afterElection %>%"
"0","  mutate(Time = ""After"")"
"0",""
"0","# bind the tibbles together"
"0","allElection <- bind_rows(beforeElection, afterElection)"
"0",""
"0","# basic analysis of texts before and after by subreddit"
"0","beforeElection %>%"
"0","  group_by(Subreddit) %>%"
"0","  summarize(textsPerSub = n()) # before texts: 856 politics"
