"0",""
"0","harriswordsDF_b <- data.frame(getNames(beforeAssoc_harris), correlation = getCorLimits(beforeAssoc_harris))"
"0",""
"0","# after word associations"
"0","# after"
"0","voteAssoc_a <- findAssocs(afterTDM, ""vote"", 0.4)"
"0","trumpAssoc_a <- findAssocs(afterTDM, ""trump"", 0.4)"
"0","democratAssoc_a <- findAssocs(afterTDM, ""democrats"", 0.4)"
"0","kamalaAssoc_a <- findAssocs(afterTDM, ""kamala"", 0.4)"
"0","electAssoc_a <- findAssocs(afterTDM, ""election"", 0.4)"
"0","partyAssoc_a <- findAssocs(afterTDM, ""party"", 0.4) # parties/party"
"0","harrisAssoc_a <- findAssocs(afterTDM, ""harris"", 0.4)"
"0",""
"0",""
"0","# combine after association "
"0","afterAssoc_trump <- c(voteAssoc_a, trumpAssoc_a, democratAssoc_a, electAssoc_a)"
"0","trumpwordsDF_a <- data.frame(words = getNames(afterAssoc_trump), correlation = getCorLimits(afterAssoc_trump))"
"0","harriswordsDF_a <- data.frame(words = getNames(afterAssoc_harris), correlation = getCorLimits(afterAssoc_harris))"
"0",""
"0","# create the vector of lists by candidate before"
"0","beforeAssoc_trump <- c(voteAssoc_b, trumpAssoc_b, idahoAssoc_b, wallAssoc_b, southAssoc_b, orderAssoc_b)"
"0",""
"0","beforeAssoc_harris<- c(electAssoc_b, kamalaAssoc_b, treatmentAssoc_b, oprahAssoc_b, assassinAssoc_b, burnAssoc_B, harrisAssoc_b)"
"0","str(beforeAssoc_trump)"
"1","List"
"1",""
"1"," of "
"1",""
"1","6"
"1",""
"1","
"
"1"," "
"1",""
"1","$ "
"1",""
"1","vote "
"1",""
"1",":"
"1"," Named num [1:6] "
"1",""
"1","0.53 0.48 0.45 0.42 0.41 0.41"
"1",""
"1","
"
"1","  .."
"1",""
"1","- attr(*, ""names"")="
"1"," chr [1:6] "
"1",""
"1","""want"" ""give"" ""reasons"" ""immigrants"""
"1",""
"1"," ..."
"1",""
"1","
"
"1"," "
"1",""
"1","$ "
"1",""
"1","trump"
"1",""
"1",":"
"1"," Named num [1:528] "
"1",""
"1","0.77 0.77 0.77 0.77 0.77 0.77 0.77 0.77 0.77 0.77"
"1",""
"1"," ..."
"1",""
"1","
"
"1","  .."
"1",""
"1","- attr(*, ""names"")="
"1"," chr [1:528] "
"1",""
"1","""abchttpswwwyoutubecomwatchvdypnuopyk"" ""accettato"" ""affluenza"" ""aggiornamenti"""
"1",""
"1"," ..."
"1",""
"1","
"
"1"," "
"1",""
"1","$ "
"1",""
"1","idaho"
"1",""
"1",":"
"1"," Named num [1:1142] "
"1",""
"1","0.85 0.74 0.71 0.71 0.71 0.71 0.71 0.71 0.71 0.71"
"1",""
"1"," ..."
"1",""
"1","
"
"1","  .."
"1",""
"1","- attr(*, ""names"")="
"1"," chr [1:1142] "
"1",""
"1","""associated"" ""trump"" ""“proud"" ""abbatoy"""
"1",""
"1"," ..."
"1",""
"1","
"
"1"," "
"1",""
"1","$ "
"1",""
"1","wall "
"1",""
"1",":"
"1"," Named num [1:531] "
"1",""
"1","0.82 0.82 0.82 0.82 0.82 0.82 0.82 0.82 0.82 0.82"
"1",""
"1"," ..."
"1",""
"1","
"
"1","  .."
"1",""
"1","- attr(*, ""names"")="
"1"," chr [1:531] "
"1",""
"1","""abchttpswwwyoutubecomwatchvdypnuopyk"" ""accettato"" ""affluenza"" ""aggiornamenti"""
"1",""
"1"," ..."
"1",""
"1","
"
"1"," "
"1",""
"1","$ "
"1",""
"1","south"
"1",""
"1",":"
"1"," Named num [1:525] "
"1",""
"1","0.84 0.8 0.8 0.8 0.8 0.8 0.8 0.8 0.8 0.8"
"1",""
"1"," ..."
"1",""
"1","
"
"1","  .."
"1",""
"1","- attr(*, ""names"")="
"1"," chr [1:525] "
"1",""
"1","""colorado"" ""abchttpswwwyoutubecomwatchvdypnuopyk"" ""accettato"" ""affluenza"""
"1",""
"1"," ..."
"1",""
"1","
"
"1"," "
"1",""
"1","$ "
"1",""
"1","order"
"1",""
"1",":"
"1"," Named num [1:676] "
"1",""
"1","0.94 0.94 0.94 0.94 0.94 0.94 0.94 0.94 0.94 0.94"
"1",""
"1"," ..."
"1",""
"1","
"
"1","  .."
"1",""
"1","- attr(*, ""names"")="
"1"," chr [1:676] "
"1",""
"1","""“proud"" ""abbatoy"" ""abolitionists"" ""academia"""
"1",""
"1"," ..."
"1",""
"1","
"
"0","unname(beforeAssoc_trump[[1]]) # test unname function"
"1","[1]"
"1"," 0.53"
"1"," 0.48"
"1"," 0.45"
"1"," 0.42"
"1"," 0.41"
"1"," 0.41"
"1","
"
"0","# create the vector of lists by candidate after"
"0","afterAssoc_trump <- c(voteAssoc_a, trumpAssoc_a, democratAssoc_a, electAssoc_a)"
"0","afterAssoc_harris <- c(kamalaAssoc_a, electAssoc_a, democratAssoc_a)"
"0",""
"0","# combine the candidates word associations into data frames for word clouds"
"0","# before"
"0","trumpwordsDF_b <- data.frame(words = getNames(beforeAssoc_trump), correlation = getCorLimits(beforeAssoc_trump))"
"0","harriswordsDF_b <- data.frame(getNames(beforeAssoc_harris), getCorLimits(beforeAssoc_harris))"
"0",""
"0","# after"
"0","trumpwordsDF_a <- data.frame(words = getNames(afterAssoc_trump), correlation = getCorLimits(afterAssoc_trump))"
"0","harriswordsDF_a <- data.frame(words = getNames(afterAssoc_harris), correlation = getCorLimits(afterAssoc_harris)) "
"0",""
"0",""
"0",""
"0","# create word clouds for word associations for each candidate before and after"
"0","# code written by Nadija Sulcaj"
"0",""
"0","wordcloud(trumpwordsDF_b$words, trumpwordsDF_b$correlation,"
"0","          max.words = 50, colors = brewer.pal(8, ""Dark2""),"
"0","          main = ""Trump Word Associations Before Election"")"
