"0","# the associations are aberration, fear, run, lie, bury, gop and aoc"
"0","# aberration = ideological, repudiation, resentment, racial tensions, price, rust belt, foreign interests, bigot"
"0","#  fear - labor, abroad, academic, leftwing, accommodating, aoc, asianblack, asians, blacks, collapse, collegeeducated, danger, decay, despair, disparities, hopeless, offensive"
"0",""
"0","# Word clouds for Harris (before and after)"
"0","wordcloud(harriswordsDF_b$getNames.beforeAssoc_harris.,"
"0","          max.words = 50, colors = brewer.pal(8, ""Dark2""),"
"0","          main = ""Harris Word Associations Before Election"")"
"2","Warning: transformation drops documents"
"2","Warning: transformation drops documents"
