{"chunk_definitions":[{"row":34,"row_count":1,"visible":true,"expansion_state":0,"options":{"engine":"r","label":"setup","include":false,"dev":"png"},"document_id":"B288167F","chunk_id":"csetup_chunk","chunk_label":"setup"},{"row":385,"row_count":1,"visible":true,"expansion_state":0,"options":{"engine":"r","label":"unnamed-chunk-9","dev":"png"},"document_id":"B288167F","chunk_id":"cu3ozp3ekucd9","chunk_label":"unnamed-chunk-1"},{"row":618,"row_count":1,"visible":true,"expansion_state":0,"options":{"engine":"r","label":"unnamed-chunk-33","dev":"png"},"document_id":"B288167F","chunk_id":"c9jyh93ngy14a","chunk_label":"unnamed-chunk-2"},{"row":997,"row_count":1,"visible":true,"expansion_state":0,"options":{"engine":"r","label":"unnamed-chunk-10","dev":"png"},"document_id":"B288167F","chunk_id":"cvwpv0apcdm2z","chunk_label":"unnamed-chunk-5"}],"doc_write_time":1733539533,"working_dir":null,"default_chunk_options":{"echo":true},"chunk_rendered_width":656}