"0","knitr::opts_chunk$set(echo = TRUE)"
"0",""
"0","# load packages "
"0","library(tm)"
"0","library(wordcloud)"
"0","library(wordcloud2)"
"0","library(tidyverse)"
"0","library(readr)"
"0","library(tidytext)"
"0","library(gridExtra)"
"0","library(pals)"
"0","library(qdap)"
"0","library(SnowballC)"
"0","library(tm)"
"0","library(kernlab)"
"0","library(e1071)"
"0","library(caret)"
"0","library(Matrix)"
"0","library(ggthemes)"
"0","library(httr)"
"0","library(dplyr)"
"0","library(jsonlite)"
"0","library(readxl)"
"0","# install.packages(""syuzhet"")"
"0","library(syuzhet)"
"0",""
