"0",""
"0","# explore extreme sentiments"
"0",""
"0","mostExtreme<- sentimentTotal %>%"
"0","  filter(value <= -4 | value >= 4) "
"0",""
"0","## plot to show pos and neg extremes on same plot ##"
"0","# https://r-graphics.org/recipe-bar-graph-color-neg"
"0","ggplot(mostExtreme, aes(x = word, y = value, fill = value >= 0)) +"
"0","    geom_col(position = ""identity"", color = ""black"", width = 0.8) +"
"0","    scale_fill_manual(values = c(""TRUE"" = ""blue"", ""FALSE"" = ""red""),"
"0","                      labels = c(""Positive Sentiment"", ""Negative Sentiment"")) +"
"0","    facet_wrap(~ Time, scales = ""free_x"") +"
"0","    labs(title = ""Extreme Sentiments Before and After Election"", x = ""Words"", y = ""Sentiment Value"") +"
"0","    theme_fivethirtyeight() +"
"0","    theme(axis.text.x = element_text(angle = 90, hjust = 1))"
