"0","  "
"0",""
"0","ggplot(sentimentTimeKeywordsegments, aes(color = Keyword)) +"
"0","  geom_point(data = sentimentbyTimeKeyword, aes(x = Keyword, y = totalByKeyword, color = Time)) +"
"0","  geom_segment(aes(x = Keyword, xend = Keyword, y = Before, yend = After),"
"0","               color = ""gray20"","
"0","               arrow = arrow(type = ""closed"", length = unit(0.08, ""inches""))) +"
"0","  scale_color_manual(values = c(""Before"" = ""green"", ""After"" = ""red"")) +"
"0","  theme_fivethirtyeight() +"
"0","  scale_y_continuous(breaks = yBreaks, labels = yLabels) +"
"0","  labs(title = ""Keyword Sentiment Change over Time"","
"0","       x = ""Keyword"","
"0","       y = ""Total Sentiment by Keyword"") +"
"0","  coord_flip()  "
