"0","# sentiment analysis"
"0",""
"0","# overall before and after sentiment score with afinn lexicon"
"0","sentimentTotal <- allElection %>%"
"0","  unnest_tokens(word, text, drop = F) %>% # keep original text"
"0","  inner_join(get_sentiments(""afinn"")) "
"2","Joining with `by = join_by(word)`"
"0","sentimentbyTimeKeyword <- sentimentTotal %>%"
"0","  group_by(Time, Keyword) %>%"
"0","  summarize(totalByKeyword = sum(value)) "
"2","`summarise()` has grouped output by 'Time'. You can override using the `.groups` argument."
"0","sentimentbyTimeKeyword "
