{"chunk_definitions":[{"row":34,"row_count":1,"visible":true,"expansion_state":0,"options":{"engine":"r","label":"setup","include":false,"dev":"png"},"document_id":"B288167F","chunk_id":"csetup_chunk","chunk_label":"setup"},{"row":320,"row_count":1,"visible":true,"expansion_state":0,"options":{"engine":"r","label":"unnamed-chunk-16","dev":"png"},"document_id":"B288167F","chunk_id":"cu3ozp3ekucd9","chunk_label":"unnamed-chunk-1"},{"row":553,"row_count":1,"visible":true,"expansion_state":0,"options":{"engine":"r","label":"unnamed-chunk-7","dev":"png"},"document_id":"B288167F","chunk_id":"c9jyh93ngy14a","chunk_label":"unnamed-chunk-2"},{"row":932,"row_count":1,"visible":true,"expansion_state":0,"options":{"engine":"r","label":"unnamed-chunk-10","dev":"png"},"document_id":"B288167F","chunk_id":"cvwpv0apcdm2z","chunk_label":"unnamed-chunk-5"}],"doc_write_time":1733595649,"working_dir":null,"default_chunk_options":{"echo":true},"chunk_rendered_width":700}