{"chunk_definitions":[{"row":36,"row_count":1,"visible":true,"expansion_state":0,"options":{"engine":"r","label":"setup","include":false,"dev":"png"},"document_id":"B288167F","chunk_id":"csetup_chunk","chunk_label":"setup"},{"row":594,"row_count":1,"visible":true,"expansion_state":0,"options":{"engine":"r","label":"unnamed-chunk-92","dev":"png"},"document_id":"B288167F","chunk_id":"cldax6gppdp12","chunk_label":"unnamed-chunk-2"},{"row":668,"row_count":1,"visible":true,"expansion_state":0,"options":{"engine":"r","label":"unnamed-chunk-88","dev":"png"},"document_id":"B288167F","chunk_id":"cramg1mqhc27i","chunk_label":"unnamed-chunk-3"},{"row":976,"row_count":1,"visible":true,"expansion_state":0,"options":{"engine":"r","label":"unnamed-chunk-90","dev":"png"},"document_id":"B288167F","chunk_id":"ckg7zjnc9wg6k","chunk_label":"unnamed-chunk-5"}],"doc_write_time":1733641716,"working_dir":null,"default_chunk_options":{"echo":true},"chunk_rendered_width":700}