"0","#Subsets both data sets to be seperated by party"
"0","Dem_Data_Bf <- N_Data_Bf %>%"
"0","  filter(party == ""democrats"")"
"0",""
"0","Dem_Data_Af <- N_Data_Af %>%"
"0","  filter(party == ""democrats"")"
"0",""
"0","Rep_Data_Bf <- N_Data_Bf %>%"
"0","  filter(party == ""Conservative"")"
"0",""
"0","Rep_Data_Af <- N_Data_Af %>%"
"0","  filter(party == ""Conservative"")"
"0","#Gets NRC Sentiment results for before and after the election for Democrats and Republicans."
"0","D_Sentiment_Bf_Results <- get_nrc_sentiment(Dem_Data_Bf$text)"
"0",""
"0","D_Sentiment_Af_Results <- get_nrc_sentiment(Dem_Data_Af$text)"
"0",""
"0","R_Sentiment_Bf_Results <- get_nrc_sentiment(Rep_Data_Bf$text)"
"0",""
"0","R_Sentiment_Af_Results <- get_nrc_sentiment(Rep_Data_Af$text)"
"0",""
"0","#Gets the sum of each column for each of the NRC sentiment results and puts it inot a new data frame to create visulizations"
"0","D_Bf_col_Sums <- colSums(D_Sentiment_Bf_Results)"
"0","DBf_Sum_Df <- data.frame("
"0","  Column = names(D_Bf_col_Sums),"
"0","  Sum = D_Bf_col_Sums"
"0",")"
"0",""
"0","D_Af_col_Sums <- colSums(D_Sentiment_Af_Results)"
"0","DAf_Sum_Df <- data.frame("
"0","  Column = names(D_Af_col_Sums),"
"0","  Sum = D_Af_col_Sums"
"0",")"
"0",""
"0","R_Bf_col_Sums <- colSums(R_Sentiment_Bf_Results)"
"0","RBf_Sum_Df <- data.frame("
"0","  Column = names(R_Bf_col_Sums),"
"0","  Sum = R_Bf_col_Sums"
"0",")"
"0",""
"0","R_Af_col_Sums <- colSums(R_Sentiment_Af_Results)"
"0","RAf_Sum_Df <- data.frame("
"0","  Column = names(R_Af_col_Sums),"
"0","  Sum = R_Af_col_Sums"
"0",")"
"0",""
"0","#Creates a visulization of Sentiment Analysis Results Before and After the election for Democrats and Republicans"
"0","ggplot(DBf_Sum_Df, aes(Column, Sum)) +"
"0","  geom_col(aes(fill = Column)) +"
"0","  theme_fivethirtyeight() +"
"0","  scale_fill_manual(values = c(""red"", ""orange"", ""gold3"", ""darkorchid4"","
"0","                               ""yellow"", ""red4"", ""green4"", ""dodgerblue4"", ""hotpink"", ""palegreen"")) +"
"0","  labs(title = ""Democratic Sentiment Results from Reddit 24 Hours Before the Election"", x = ""Sentiment"") +"
"0","  theme(legend.position = ""none"")"
