"0","#Creates a visulization of the Overall Sentiment Results from Reddit 24 Hours After the Election"
"0","ggplot(NAf_Sum_Df, aes(Column, Sum)) +"
"0","  geom_col(aes(fill = Column)) +"
"0","  theme_fivethirtyeight() +"
"0","  scale_fill_manual(values = c(""red"", ""orange"", ""gold3"", ""darkorchid4"","
"0","                               ""yellow"", ""red4"", ""green4"", ""dodgerblue4"", ""hotpink"", ""palegreen"")) +"
"0","  labs(title = ""Overall Sentiment Results from Reddit 24 Hours After the Election"", x = ""Sentiment"") +"
"0","  theme(legend.position = ""none"")"
