"0","# Sepreates the data into netural datasets"
"0","N_Data_Bf <- beforeData"
"0","N_Data_Af <- afterData"
"0",""
"0","#Sentiment Results for test data set before the election"
"0","N_Sentiment_Bf_Results <- get_nrc_sentiment(N_Data_Bf$text)"
"0","#Sentiment Results for test data set after the election"
"0","N_Sentiment_Af_Results <- get_nrc_sentiment(N_Data_Af$text)"
"0","#Puts the sum of each sentiment results into a seperate data set so that we can create a visulization for the overall results before the election"
"0","N_Bf_col_Sums <- colSums(N_Sentiment_Bf_Results)"
"0","NBf_Sum_Df <- data.frame("
"0","  Column = names(N_Bf_col_Sums),"
"0","  Sum = N_Bf_col_Sums"
"0",")"
"0","#Puts the sum of each sentiment results into a seperate data set so that we can create a visulization for the overall results after the election"
"0","N_Af_col_Sums <- colSums(N_Sentiment_Af_Results)"
"0","NAf_Sum_Df <- data.frame("
"0","  Column = names(N_Af_col_Sums),"
"0","  Sum = N_Af_col_Sums"
"0",")"
"0","#Creates a visulization of the Overall Sentiment Results from Reddit 24 Hours Before the Election"
"0","ggplot(NBf_Sum_Df, aes(Column, Sum)) +"
"0","  geom_col(aes(fill = Column)) +"
"0","  theme_fivethirtyeight() +"
"0","  scale_fill_manual(values = c(""red"", ""orange"", ""gold3"", ""darkorchid4"","
"0","                               ""yellow"", ""red4"", ""green4"", ""dodgerblue4"", ""hotpink"", ""palegreen"")) +"
"0","  labs(title = ""Overall Sentiment Results from Reddit 24 Hours Before the Election"", x = ""Sentiment"") +"
"0","  theme(legend.position = ""none"")"
