"0","## BEGIN DATA RETRIEVAL"
"0","#reddit api"
"0","# Set up the API credentials"
"0","# headers <- c("
"0","  'User-Agent' = 'praw:reddit.pagination:v1.0 (by /u/Brilliant-Ordinary81)'"
"0","# )"
"0",""
"0","# api requests and pagination"
"0","# Initialize inputs for api"
"0","# search_reddit <- function(keyword, subreddit, start_time, end_time) {"
"0","#  results <- list() #store results"
"0","#  after <- NULL  # For pagination"
"0","#  url <- paste0('https://www.reddit.com/r/', subreddit, '/search.json')"
"0","#  define parameters"
"0","#  params <- list("
"0","#    q = keyword,"
"0","#    sort = 'relevance',"
"0","#    limit = 100,"
"0","#    t = 'month',"
"0","#    restrict_sr = 1"
"0","#  )"
"0","#  keep searching till 1000 results, else handle errors"
"0","#  while (length(results) < 1000) {"
"0","#      params$after <- after"
"0","#    }"
"0","#"
"0","#     gets data from httr"
"0","#    response <- GET(url, add_headers(.headers = headers), query = params) # Gets unparsed data"
"0","#"
"0","#     watch responses come in"
"0","#    print(content(response, as = ""text"", type = ""application/json""))"
"0","#    data <- content(response, as = ""parsed"", type = ""application/json"") # Parses data"
"0","#"
"0","#"
"0","#    if (is.null(data$data) || length(data$data$children) == 0) {"
"0","#      print(paste(""No data found in response""))"
"0","#      break"
"0","#    }"
"0",""
"0",""
"0","#    batch_results <- lapply(data$data$children, function(submission) { # Go over each element in the list"
"0","#      submission_data <- submission$data"
"0","#      created_utc <- as.POSIXct(submission_data$created_utc, origin = ""1970-01-01"", tz = ""UTC"")"
"0",""
"0","#     keep data that falls within time specifications"
"0","#      if (created_utc >= start_time && created_utc <= end_time) {"
"0","#        list("
"0","#          Title = submission_data$title,"
"0","#          Body = ifelse(is.null(submission_data$selftext), NA, submission_data$selftext),"
"0","#          Created = created_utc,"
"0","#          Keyword = keyword,"
"0","#          Subreddit = subreddit"
"0","#        )"
"0","#      } else {"
"0","#        NULL"
"0","#      }"
"0","#    })"
"0",""
"0",""
"0","#    batch_results <- batch_results[!sapply(batch_results, is.null)] # filter out null results"
"0",""
"0",""
"0","#    if (length(batch_results) > 0) {"
"0","#      results <- append(results, batch_results)"
"0","#      print(paste(""Batch results:"", length(batch_results), ""posts found.""))"
"0","#   } else {"
"0","#      print(paste(""No posts found in this batch for keyword ""))"
"0","#    }"
"0",""
"0",""
"0","#    after <- data$data$after"
"0","#    if (is.null(after)) {"
"0","#      print(""No more pages to fetch"")"
"0"," #     break }"
"0","#}"
"0","#  return(results)"
"0","#}"
"0",""
"0","# Function to run the search and update the DataFrame"
"0","# run_search <- function(keywords, subreddits, start_time, end_time) {"
"0","#   initialize df to store results"
"0","#  df <- data.frame(Title = character(), Body = character(), Created = as.POSIXct(character()), Keyword = character(), Subreddit = character(), stringsAsFactors = FALSE)"
"0",""
"0","#  for (keyword in keywords) {"
"0","#    for (subreddit in subreddits) {"
"0","#      print(paste(""Starting search for keyword: '"", keyword, ""' in subreddit '"", subreddit, ""'"", sep = """"))"
"0","#      results <- search_reddit(keyword, subreddit, start_time, end_time)"
"0","#      newdf <- do.call(rbind, lapply(results, as.data.frame)) # Convert list elements to df and combine"
"0","#      df <- bind_rows(df, newdf)"
"0",""
"0","      # Print the retrieved data for the current keyword"
"0","#      print(paste(""Retrieved posts for keyword '"", keyword, ""' in subreddit '"", subreddit, ""':"", sep = """"))"
"0","#      print(paste(""Finished search for keyword '"", keyword, ""' in subreddit '"", subreddit, ""'"", sep = """"))"
"0","#    }"
"0",""
"0","#    Sys.sleep(60)  # Sleep to prevent hitting rate limits"
"0","#  }"
"0",""
"0","#  return(df)"
"0","#}"
"0",""
"0","# Define the keywords and subreddits"
"0","# keywords <- c(""Election"", ""President"", ""Vote"", ""VP"", ""Polls"", ""Campaign"", ""Candidate"","
"0","#              ""SwingStates"", ""Kamala"", ""Democrat"", ""Kamala4President"", ""HarrisWalz"", ""VoteBlue"","
"0","#              ""Kamala2024"", ""Harris2024"", ""Tim Walz"", ""Kamala Harris"", ""Trump"", "
"0","#              ""Republican"", ""Trump4President"", ""MAGA"", ""TrumpVance"", ""Trump2024"", "
"0","#              ""Donald2024"", ""VoteRed"", ""JD Vance"", "
"0","#              ""Donald Trump"","
"0","#              ""republican"", ""conservative"", ""liberal"", ""democrat"", ""Harris"","
"0","#              ""midterms"", ""election fraud"", ""ballots"", ""swing voters"", ""independents"","
"0","#              ""political ads"", ""debates"", ""primaries"", ""running mate"", ""voter turnout"","
"0","#              ""presidential race"", ""electoral college"", ""popular vote"", ""united states"","
"0","#              ""Red Wave"", ""Blue Wave"", ""Biden"", ""Joe Biden"", ""Harris Administration"","
"0","#              ""DeSantis"", ""Ron DeSantis"", ""Pence"", ""Mike Pence"", ""Republican National Convention"","
"0","#              ""Democratic"", ""campaign finance"", ""political rallies"","
"0","#              ""early voting"", ""mail-in ballots"", ""poll watchers"", ""election day"", "
"0","#              ""grassroots campaigning"","
"0","#              ""politics"", ""America"", ""state elections"", ""governor race"", ""Senate"", ""Congress"","
"0","#              ""House of Representatives"", ""swing districts"", ""gerrymandering"", ""redistricting"","
"0","#              ""voting rights"", ""campaign promises"", ""PACs"", ""super PACs"", ""bipartisanship"","
"0","#              ""polarization"", ""voter suppression"", ""election integrity"", ""absentee ballots"","
"0","#              ""vote count"", ""exit polls"", ""media coverage"", ""fake news"", ""political scandals"","
"0","#              ""Supreme Court"", ""judicial appointments"", ""party platforms"", ""political endorsements"","
"0","#              ""social issues"", ""healthcare policy"", ""climate policy"", ""foreign policy"","
"0","#              ""immigration policy"", ""gun rights"", ""abortion debate"", ""tax policy"","
"0","#              ""economy"", ""job growth"", ""infrastructure"", ""national security"", ""public opinion"","
"0","#              ""activism"", ""grassroots movements"", ""civil rights"", ""election predictions"")"
"0","#"
"0","# subreddits <- c(""Conservative"", ""democrats"")"
"0",""
"0","# Define the start and end times for filtering"
"0","# start_time <- as.POSIXct(""2024-10-22 00:07:30"", tz = ""UTC"")"
"0","# end_time <- as.POSIXct(""2024-11-20 00:07:30"", tz = ""UTC"")"
"0",""
"0","# Run the search and store the results"
"0","# df <- run_search(keywords, subreddits, start_time, end_time)"
"0",""
"0","# Save to csv"
"0","# write.csv(df, ""data/demtrainxxx.csv"", row.names = TRUE)"
"0",""
"0","## END DATA RETRIEVAL"
"0",""
"0",""
"0","#read in files"
"0","#24 hours before in major political subreddits"
"0","DataBf <- read.csv(""data/redditDataBefore.csv"")"
"0","#24 hours after in major political subreddits"
"0","DataAf <- read.csv(""data/redditDataAfter.csv"")"
"0",""
"0","#bulk data from many keyword searches in r/democrats and r/Conservative"
"0","dataclass <- read.csv(""data/partyKeyUnique.csv"")"
"0","#small set from general search in r/democrats and r/Conservative"
"0","dataclass2 <- read.csv(""data/partyKeyAll.csv"")"
"0",""
"0","#create one column for all text"
"0","DataBf = DataBf %>%"
"0","  unite(alltext, c(Title, Body), sep = "" "", remove = FALSE)"
"0",""
"0","DataAf = DataAf %>%"
"0","  unite(alltext, c(Title, Body), sep = "" "", remove = FALSE)"
"0",""
"0","dataclass = dataclass %>%"
"0","  unite(alltext, c(Title, Body), sep = "" "", remove = FALSE)"
"0",""
"0","dataclass2 <- dataclass2 %>%"
"0","  unite(alltext, c(Title, Body), sep = "" "", remove = FALSE)"
"0",""
"0","#remove duplicates"
"0","DataBf <- DataBf %>%"
"0","  distinct(alltext, .keep_all=TRUE)"
"0",""
"0","DataAf <- DataAf %>%"
"0","  distinct(alltext, .keep_all=TRUE)"
"0",""
"0","dataclass <- dataclass %>%"
"0","  group_by(Subreddit) %>%"
"0","  distinct(alltext, .keep_all = TRUE) %>%"
"0","  ungroup()"
"0",""
"0","dataclass2 <- dataclass2 %>%"
"0","  group_by(Subreddit) %>%"
"0","  distinct(alltext, .keep_all = TRUE) %>%"
"0","  ungroup()"
"0",""
"0","#Pre-process data"
"0","corpus <- Corpus(VectorSource(DataBf$alltext)) # Convert to corpus"
"0","corpus <- tm_map(corpus, content_transformer(tolower)) # lowercase"
"2","Warning: transformation drops documents"
"0","corpus <- tm_map(corpus, removePunctuation) # Removes punctuation"
"2","Warning: transformation drops documents"
"0","corpus <- tm_map(corpus, removeNumbers) # Removes numbers"
"2","Warning: transformation drops documents"
"0","corpus <- tm_map(corpus, removeWords, stopwords(""english"")) # Removes english stopwords"
"2","Warning: transformation drops documents"
"0","# corpus <- tm_map(corpus, stemDocument) # performs word stemming"
"0",""
"0",""
"0","corpus2 <- Corpus(VectorSource(DataAf$alltext))"
"0","corpus2 <- tm_map(corpus2, content_transformer(tolower))"
"2","Warning: transformation drops documents"
"0","corpus2 <- tm_map(corpus2, removePunctuation)"
"2","Warning: transformation drops documents"
"0","corpus2 <- tm_map(corpus2, removeNumbers)"
"2","Warning: transformation drops documents"
"0","corpus2 <- tm_map(corpus2, removeWords, stopwords(""english""))"
"2","Warning: transformation drops documents"
"0","# corpus2 <- tm_map(corpus2, stemDocument)"
"0",""
"0","corpus3 <- Corpus(VectorSource(dataclass$alltext))"
"0","corpus3 <- tm_map(corpus3, content_transformer(tolower))"
"2","Warning: transformation drops documents"
"0","corpus3 <- tm_map(corpus3, removePunctuation)"
"2","Warning: transformation drops documents"
"0","corpus3 <- tm_map(corpus3, removeNumbers)"
"2","Warning: transformation drops documents"
"0","corpus3 <- tm_map(corpus3, removeWords, stopwords(""english""))"
"2","Warning: transformation drops documents"
"0","# corpus3 <- tm_map(corpus3, stemDocument)"
"0",""
"0",""
"0","corpus4 <- Corpus(VectorSource(dataclass2$alltext))"
"0","corpus4 <- tm_map(corpus4, content_transformer(tolower))"
"2","Warning: transformation drops documents"
"0","corpus4 <- tm_map(corpus4, removePunctuation)"
"2","Warning: transformation drops documents"
"0","corpus4 <- tm_map(corpus4, removeNumbers)"
"2","Warning: transformation drops documents"
"0","corpus4 <- tm_map(corpus4, removeWords, stopwords(""english""))"
"2","Warning: transformation drops documents"
"0","# corpus4 <- tm_map(corpus4, stemDocument)"
"0",""
"0","#return back to df"
"0","texts <- sapply(corpus, as.character)"
"0","cleanAllText <- data.frame(text = texts, stringsAsFactors = FALSE)"
"0",""
"0","texts2 <- sapply(corpus2, as.character)"
"0","cleanAllText <- data.frame(text = texts2, stringsAsFactors = FALSE)"
"0",""
"0","texts3 <- sapply(corpus3, as.character)"
"0","cleanAllText <- data.frame(text = texts3, stringsAsFactors = FALSE)"
"0",""
"0","texts4 <- sapply(corpus4, as.character)"
"0","cleanAllText <- data.frame(text = texts4, stringsAsFactors = FALSE)"
"0",""
"0","#add new column to og df"
"0","DataBf$text <- texts"
"0",""
"0","DataAf$text <- texts2"
"0",""
"0","dataclass$text <- texts3"
"0",""
"0","dataclass2$text <- texts4"
"0",""
"0","#remove unecessary columns"
"0","DataBf <- DataBf[, -(1:4)]"
"0",""
"0","DataAf <- DataAf[, -(1:4)]"
"0",""
"0","dataclass <- dataclass[, -(1:6)]"
"0",""
"0","dataclass2 <- dataclass2[, -(1:5)]"
"0",""
"0","#Svm data uses both dfs"
"0","svmtrain <- rbind(dataclass, dataclass2)"
"0",""
"0",""
"0","write.csv(DataBf, ""data/cleanDataBefore.csv"")"
"0",""
"0","write.csv(DataAf, ""data/cleanDataAfter.csv"")"
"0",""
"0","write.csv(svmtrain, ""data/cleanSvmData.csv"")"
"0",""
