"0","# Load data"
"0","data <- read.csv(""data/cleanSvmData.csv"")"
"0",""
"0","# Keep only the necessary columns"
"0","data <- data[, -1]"
"0","data$Subreddit <- as.factor(data$Subreddit)"
"0",""
"0","# generate the dtm"
"0","corpus <- Corpus(VectorSource(data$text))"
"0","dtm <- DocumentTermMatrix(corpus, control = list(weighting = weightTfIdf, ngramLengths = c(1, 3))) # Use tf-idf to pick up on important terms"
"2","Warning: custom functions are ignored"
"2","Warning: empty document(s): 3180 3747 6243 6354"
"0","# Reduce sparsity of the DTM"
"0","dtmSparse <- removeSparseTerms(dtm, 0.999)"
"0","dtmMatrix <- as.matrix(dtmSparse)"
"0","dtmScaled <- scale(dtmMatrix)"
"0",""
"0",""
"0","dtmScaled <- as.data.frame(dtmScaled)"
"0","dtmScaled$Label <- data$Subreddit"
"0",""
"0","# Split the data into training and testing sets"
"0","set.seed(123)"
"0","trainIndex <- createDataPartition(dtmScaled$Label, p = 0.8, list = FALSE)"
"0","trainData <- dtmScaled[trainIndex, ]"
"0","testData <- dtmScaled[-trainIndex, ]"
"0",""
"0","# Train the SVM model"
"0","model <- ksvm(Label ~ ., data = trainData, type = ""C-svc"", kernel = ""rbfdot"","
"0","              kpar = ""automatic"", C = 1,"
"0","              class.weights = list(""Conservative"" = 1, ""democrats"" = 1.5), prob.model = TRUE)"
"0",""
"0","# Prepare the test data"
"0","testActual <- testData$Label"
"0","testFeatures <- testData[,"
"0","setdiff(names(testData), ""Label"")]"
"0",""
"0","# Make predictions"
"0","predictions <- predict(model, testFeatures)"
"0",""
"0","# Generate confusion matrix"
"0","confMatrix <- confusionMatrix(predictions, testActual)"
"0",""
"0","# Print results"
"0","print(confMatrix)"
"1","Confusion Matrix and Statistics

"
"1","              Reference
"
"1","Prediction    "
"1"," Conservative"
"1"," democrats"
"1","
  Conservative"
"1","          672"
"1","       181"
"1","
  democrats   "
"1","          162"
"1","       372"
"1","
"
"1",""
"1","                         "
"1","                 "
"1","
"
"1","               Accuracy :"
"1"," 0.7527          "
"1","
"
"1","                 95% CI :"
"1"," (0.7291, 0.7752)"
"1","
"
"1","    No Information Rate :"
"1"," 0.6013          "
"1","
"
"1","    P-Value [Acc > NIR] :"
"1"," <2e-16          "
"1","
"
"1","                         "
"1","                 "
"1","
"
"1","                  Kappa :"
"1"," 0.4812          "
"1","
"
"1","                         "
"1","                 "
"1","
"
"1"," Mcnemar's Test P-Value :"
"1"," 0.3311          "
"1","
"
"1","                         "
"1","                 "
"1","
"
"1","            Sensitivity :"
"1"," 0.8058          "
"1","
"
"1","            Specificity :"
"1"," 0.6727          "
"1","
"
"1","         Pos Pred Value :"
"1"," 0.7878          "
"1","
"
"1","         Neg Pred Value :"
"1"," 0.6966          "
"1","
"
"1","             Prevalence :"
"1"," 0.6013          "
"1","
"
"1","         Detection Rate :"
"1"," 0.4845          "
"1","
"
"1","   Detection Prevalence :"
"1"," 0.6150          "
"1","
"
"1","      Balanced Accuracy :"
"1"," 0.7392          "
"1","
"
"1","                         "
"1","                 "
"1","
"
"1","       'Positive' Class :"
"1"," Conservative    "
"1","
"
"1","                         "
"1","                 "
"1","
"
"0","#applying the model"
"0","# Load the before data"
"0","beforeData <- read.csv(""data/cleanDataBefore.csv"")"
"0",""
"0",""
"0","# generate the DTM to match train data"
"0","beforeCorpus <- Corpus(VectorSource(beforeData$text))"
"0","beforeDtm <- DocumentTermMatrix(beforeCorpus,"
"0","                              control = list(dictionary = Terms(dtmSparse),  # Use training terms"
"0","                                             weighting = weightTfIdf,"
"0","                                             ngramLengths = c(1, 3)))"
"2","Warning: custom functions are ignored"
"2","Warning: empty document(s): 52 59 72 82 83 113 200 220 256 319 325 326 334 407 471 542 549 739 755 774 776 792 803 804 845"
"2","Warning: unreferenced term(s): presid unit complet congratul harri victori funni leftist machin presidenti singl gabbard intellig serv tulsi announc hhs kennedi secretari confus feed morn sincer someth administr appar believ evid peopl subreddit receiv ufc blew ladi perri migrant fat jame potenti prison threaten agenc epa select becom crisi decid differ earn economi emerg escal especi everyth hasn’t heartbreak here histor hous howev illeg improv increas indic inflat intern let’ liber multipl polici priorit regist secur signific situat struggl togeth voic anticip anyon sinc chao immigr march accus deserv comfort predict agre analysi fail futur there celebr endors ralli govern refus interfer eat ice parti leav updat abort opportun outcom chang piss relat wast carri skip audienc countri rpolit conspiraci leftw daili experi biden’ fetterman nanci slam alleg decis everi prosecutor trump’ bob buck casey counti folk republ scream tri unregist donat engag messag that theyr what democraci violat mailin suprem earli mcdonald anoth mcconnel requir ridicul titl domin nomin achiev alreadi astound climat deepli impress massiv noth polit stronghold theori confid creat cri definit ensur fenc iron issu mayb minimum natur other possibl realiti realli sourc suggest valid feminist everyon meanwhil trumpvanc vanc nolt sentenc urg freak surg eric lobbi pardon activ advoc asid babi conveni cycl happi individu perspect proabort reproduct valu approv bot conserv forth liter servic coverag abl absolut assembl basic challeng dodg excit figur industri monster regul revers ident fraudul investig offici registr suspect everywher abus genuin probabl reliev kari lake landslid bash cnn’s deport conced violenc susi wile certifi realiz genesius promis • elit choic desanti extrem rumor charg judg alon prolif attend kamala’ posit someon specif frontpag mag uncount physic filibust schumer pleas import lifetim studi declar slap branch consid continu goal mandat margin overwhelm provid anyth colleg convers disagre manag moder offend react surpris cours appoint firm legisl minor negat offic outreach quot saturday shapiro surrend surviv feloni els jump minut constitut disappoint insid inspir arrest maher learn middl jimmi georg reelect failur busi quit boss hundr lay damag postelect privat examin citi prepar tactic nick easili seek baffl amongst apart averag constant cop corrupt danc declin derang despit entir expens fed groceri heavili indict lean legaci magic marri marriag pandem peer prais qualiti readi releas safeti shop skill spike strip student tear terrifi trick truli twice rep tom toss jen nail scott silenc mccormick undat ukrain proisrael googl nfl critic hilari articl featur present penc dismiss accur assum hello recommend doc reveal ‘make appli fix altern blueski integr describ becam bizarr arriv nomine coupl disinform doubl hispan misinform misogyni mistak rhetor sexism scari compar demograph garbag incumb offer pretti solv stress vibe iran recount chicago alert rais music alli davi cooki smear deni embrac orient denier ignor illinoi associ expos choos depart editori rush aim thune lower acknowledg januari novemb scienc wors anxieti cope remov texa trumper anymor strengthen worri everyday berni critiqu employ militari necessari beg glass orang anger angri disqualifi establish fals impeach inform intent particip patriot prosecut radic shenanigan your agenda ammunit clash famili aggress maralago transit welcom advic listen apolog asham brainwash appreci beauti whine andi kim endur forev histori imagin imposs treat guarante includ linda quarter survey wage devast delawar mcbride transgend parent youtub rememb absurd advanc wing edg insist goe demonstr plane anxious capabl chapter commit communiti counter courag discourag divis forward frustrat fundament harm healthcar immedi inclus incred jake justic pain presenc repres sens sever simpli stori target tran troubl uncertainti vulner femal insight littl pledg pressur smith brighter waltz europ germani lesson attach author feder jeffrey kelli oppos pictur polic seiz shoot terror trap wednesday michell compani congression sorri encount plead respons jennif labour afternoon allegi alway bodi brilliant burn coalit concess conscienc determin emot guid knowledg lift loyalti mobil neighbor optim organ peac principl rang resolv separ societi sometim squar tyranni volunt expert factor overal undermin carvill accord captur chant convict defens destruct enemi excus melt plot popul lawmak reject outrag tape argu desir econom educ forum foundat gate heritag institut involv landscap nonsens overhaul replac chamber convinc manipul chanc downvot atlant dictat disabl effort abil defam amaz generat leak forc horribl youth mexican assassin except independ loyal nativ region scenario unlik entertain exhaust griev thoma vow upcom attorney advertis committe consist swingstat crash statewid guardian competit preview alex anderson billionair dan dave error gaetz hill howard jone justin lopez mari matt min moor pete rick susan suspici undecid resid billi energi nobel smooth exclus insan opposit advantag vaccin amend censor crimin footbal limit magazin price univers complac screw whatev consum shine analyst bidenharri drag friday helen hurrican measur octob thursday armi caus satisfi bombshel eri weigh controversi decad austin brendan camp clark fulli hillari miller rachel richard riley sander socialist deleg larg liberti reid rican wright allianc chip fri grace hampshir mexico ruben session summer tennesse encourag motiv outsid unfortun deputi people’ invit crazi terrorist command oil effici ramaswami vivek grab forgiv dedic unleash eventu retir tire success propos appal cathol chines crush identifi most msg observ otherwis pic primari reli stanc tariff underestim unhing volum wit youv comeback greatest mcdonald’ prioriti vandal gain inaugur desper advis dhs onlin pundit employe grant built enabl fault greed hunter oppon persecut plagiar weak activist nonprofit confer disast defin citizenship elig accomplish cheer divid execut purpos regular antisemit afghanistan brutal credit centuri slip bulli rare suppos adult trifecta pursuit betray debat infrastructur recess bezo combat easi nation’ proven recogn handl cbs oper surround duti spectrum task communic favorit harass practic troll influenc episod ideolog prosper suicid regim vehicl recal survivor wrap attent proceed quo deliv wapo rnc noncitizen lib cowork msm felon incom invest unfit aftermath bare subscript abolish bite prevail barack schwarzenegg elder relev cater rank root agreement sponsor bigot empti dismantl preserv soldier ultim battl contribut deceiv economist simultan terribl corpor detail explan financi fortun irrelev legitim medic nobodi own product stack statist theyv touch translat eight five host initi bathroom perhap utter repeal signatur absente addit anim arm avail bigotri breath classroom cold environ explod flaw grassroot larger mislead petit simpl stick subject train whenev religi shout therefor intimid marco extens maintain pretend aliv duck outperform passion watchdog holi lucki purpl smile tone strategi embarrass burden financ origin piec pure restor provision drink somehow instant comedian comparison hinchcliff milwauke beyoncé mic misogynist promot suppress peanut boat maddow notic widespread alien resourc ‘garbage’ shred sanctuari delay pour float nationwid scheme skew solut implement compil thwart rubio spous awar websit elimin fiscal tradit fli collaps dept justifi exampl women’ locat ugli imag fck vega blind chose settl bend charlamagn tha minist snub dollar lawfar belong debt narrat rough dirti twitch gallego trip fundrais sport essenti incorrect slim trudeau bakeri cultur probe pivot balanc accident assist digit schiff reveng squirrel verifi cring mika suppli vital alter pumpkin purg consequ hardship astroturf bust condit fec donor cuban british salad caller medicar healthi gavin newsom hostin sunni censorship musk’ empir halloween scrambl tap brace hegseth ‘trump racial succeed stab object traitor withdraw ditch delet hatr heal oppress mcmahon pregnant trigger sotomayor intend pop antitrump judici assign invalid stun homan laken retain tr"
"0","# convert to matrix and scale"
"0","beforeDtmMatrix <- as.matrix(beforeDtm)"
"0","beforeDtmScaled <- scale(beforeDtmMatrix)"
"0",""
"0",""
"0","beforeFeatures <- as.data.frame(beforeDtmScaled)"
"0",""
"0",""
"0","#organize data so that it matched train data and model can be applied"
"0","missing_cols <- setdiff(names(trainData), names(beforeFeatures)) #find diff cols"
"0","beforeFeatures[missing_cols] <- 0  # Add missing columns with 0, gives nan"
"0","beforeFeatures <- beforeFeatures[, names(trainData)]  # reorder columns"
"0","beforeFeatures[is.na(beforeFeatures)] <- 0 # change nans to 0s"
"0",""
"0","beforeFeatures <- beforeFeatures[, -2469]"
"0",""
"0",""
"0","# apply model"
"0","beforePredictions <- predict(model, beforeFeatures)"
"0","print(beforePredictions)"
"1","  [1]"
"1"," Conservative"
"1"," Conservative"
"1"," democrats   "
"1"," Conservative"
"1"," democrats   "
"1"," democrats   "
"1"," Conservative"
"1","
"
"1","  [8]"
"1"," Conservative"
"1"," Conservative"
"1"," democrats   "
"1"," Conservative"
"1"," Conservative"
"1"," democrats   "
"1"," democrats   "
"1","
"
"1"," [15]"
"1"," Conservative"
"1"," Conservative"
"1"," Conservative"
"1"," Conservative"
"1"," democrats   "
"1"," democrats   "
"1"," Conservative"
"1","
"
"1"," [22]"
"1"," Conservative"
"1"," Conservative"
"1"," Conservative"
"1"," Conservative"
"1"," Conservative"
"1"," Conservative"
"1"," democrats   "
"1","
"
"1"," [29]"
"1"," democrats   "
"1"," Conservative"
"1"," Conservative"
"1"," Conservative"
"1"," Conservative"
"1"," Conservative"
"1"," democrats   "
"1","
"
"1"," [36]"
"1"," Conservative"
"1"," Conservative"
"1"," Conservative"
"1"," democrats   "
"1"," Conservative"
"1"," Conservative"
"1"," Conservative"
"1","
"
"1"," [43]"
"1"," democrats   "
"1"," Conservative"
"1"," Conservative"
"1"," democrats   "
"1"," democrats   "
"1"," democrats   "
"1"," Conservative"
"1","
"
"1"," [50]"
"1"," Conservative"
"1"," Conservative"
"1"," Conservative"
"1"," Conservative"
"1"," Conservative"
"1"," Conservative"
"1"," Conservative"
"1","
"
"1"," [57]"
"1"," democrats   "
"1"," Conservative"
"1"," Conservative"
"1"," democrats   "
"1"," Conservative"
"1"," Conservative"
"1"," Conservative"
"1","
"
"1"," [64]"
"1"," democrats   "
"1"," Conservative"
"1"," democrats   "
"1"," democrats   "
"1"," democrats   "
"1"," democrats   "
"1"," Conservative"
"1","
"
"1"," [71]"
"1"," democrats   "
"1"," Conservative"
"1"," Conservative"
"1"," democrats   "
"1"," democrats   "
"1"," democrats   "
"1"," democrats   "
"1","
"
"1"," [78]"
"1"," democrats   "
"1"," democrats   "
"1"," Conservative"
"1"," Conservative"
"1"," Conservative"
"1"," Conservative"
"1"," Conservative"
"1","
"
"1"," [85]"
"1"," democrats   "
"1"," Conservative"
"1"," democrats   "
"1"," Conservative"
"1"," Conservative"
"1"," democrats   "
"1"," Conservative"
"1","
"
"1"," [92]"
"1"," Conservative"
"1"," democrats   "
"1"," democrats   "
"1"," Conservative"
"1"," Conservative"
"1"," Conservative"
"1"," democrats   "
"1","
"
"1"," [99]"
"1"," democrats   "
"1"," democrats   "
"1"," Conservative"
"1"," Conservative"
"1"," democrats   "
"1"," Conservative"
"1"," democrats   "
"1","
"
"1","[106]"
"1"," democrats   "
"1"," democrats   "
"1"," democrats   "
"1"," democrats   "
"1"," democrats   "
"1"," Conservative"
"1"," democrats   "
"1","
"
"1","[113]"
"1"," Conservative"
"1"," Conservative"
"1"," Conservative"
"1"," Conservative"
"1"," democrats   "
"1"," democrats   "
"1"," Conservative"
"1","
"
"1","[120]"
"1"," democrats   "
"1"," democrats   "
"1"," Conservative"
"1"," democrats   "
"1"," democrats   "
"1"," democrats   "
"1"," democrats   "
"1","
"
"1","[127]"
"1"," Conservative"
"1"," Conservative"
"1"," Conservative"
"1"," democrats   "
"1"," democrats   "
"1"," democrats   "
"1"," Conservative"
"1","
"
"1","[134]"
"1"," democrats   "
"1"," democrats   "
"1"," democrats   "
"1"," democrats   "
"1"," democrats   "
"1"," Conservative"
"1"," democrats   "
"1","
"
"1","[141]"
"1"," democrats   "
"1"," democrats   "
"1"," democrats   "
"1"," democrats   "
"1"," Conservative"
"1"," democrats   "
"1"," Conservative"
"1","
"
"1","[148]"
"1"," Conservative"
"1"," Conservative"
"1"," Conservative"
"1"," Conservative"
"1"," Conservative"
"1"," Conservative"
"1"," Conservative"
"1","
"
"1","[155]"
"1"," democrats   "
"1"," democrats   "
"1"," democrats   "
"1"," democrats   "
"1"," Conservative"
"1"," Conservative"
"1"," democrats   "
"1","
"
"1","[162]"
"1"," Conservative"
"1"," democrats   "
"1"," Conservative"
"1"," democrats   "
"1"," Conservative"
"1"," democrats   "
"1"," Conservative"
"1","
"
"1","[169]"
"1"," democrats   "
"1"," Conservative"
"1"," Conservative"
"1"," Conservative"
"1"," Conservative"
"1"," Conservative"
"1"," democrats   "
"1","
"
"1","[176]"
"1"," Conservative"
"1"," democrats   "
"1"," democrats   "
"1"," Conservative"
"1"," democrats   "
"1"," Conservative"
"1"," democrats   "
"1","
"
"1","[183]"
"1"," Conservative"
"1"," Conservative"
"1"," Conservative"
"1"," democrats   "
"1"," Conservative"
"1"," Conservative"
"1"," democrats   "
"1","
"
"1","[190]"
"1"," Conservative"
"1"," democrats   "
"1"," democrats   "
"1"," Conservative"
"1"," Conservative"
"1"," Conservative"
"1"," Conservative"
"1","
"
"1","[197]"
"1"," Conservative"
"1"," democrats   "
"1"," Conservative"
"1"," Conservative"
"1"," democrats   "
"1"," Conservative"
"1"," democrats   "
"1","
"
"1","[204]"
"1"," Conservative"
"1"," Conservative"
"1"," democrats   "
"1"," Conservative"
"1"," democrats   "
"1"," Conservative"
"1"," democrats   "
"1","
"
"1","[211]"
"1"," democrats   "
"1"," Conservative"
"1"," Conservative"
"1"," democrats   "
"1"," Conservative"
"1"," Conservative"
"1"," democrats   "
"1","
"
"1","[218]"
"1"," Conservative"
"1"," Conservative"
"1"," Conservative"
"1"," democrats   "
"1"," democrats   "
"1"," Conservative"
"1"," Conservative"
"1","
"
"1","[225]"
"1"," Conservative"
"1"," democrats   "
"1"," Conservative"
"1"," Conservative"
"1"," democrats   "
"1"," democrats   "
"1"," Conservative"
"1","
"
"1","[232]"
"1"," Conservative"
"1"," Conservative"
"1"," Conservative"
"1"," Conservative"
"1"," democrats   "
"1"," Conservative"
"1"," Conservative"
"1","
"
"1","[239]"
"1"," Conservative"
"1"," Conservative"
"1"," Conservative"
"1"," Conservative"
"1"," democrats   "
"1"," democrats   "
"1"," democrats   "
"1","
"
"1","[246]"
"1"," democrats   "
"1"," democrats   "
"1"," Conservative"
"1"," Conservative"
"1"," democrats   "
"1"," Conservative"
"1"," Conservative"
"1","
"
"1","[253]"
"1"," democrats   "
"1"," Conservative"
"1"," Conservative"
"1"," Conservative"
"1"," democrats   "
"1"," Conservative"
"1"," democrats   "
"1","
"
"1","[260]"
"1"," Conservative"
"1"," democrats   "
"1"," Conservative"
"1"," democrats   "
"1"," democrats   "
"1"," democrats   "
"1"," Conservative"
"1","
"
"1","[267]"
"1"," democrats   "
"1"," Conservative"
"1"," Conservative"
"1"," democrats   "
"1"," democrats   "
"1"," democrats   "
"1"," democrats   "
"1","
"
"1","[274]"
"1"," Conservative"
"1"," democrats   "
"1"," democrats   "
"1"," democrats   "
"1"," democrats   "
"1"," democrats   "
"1"," Conservative"
"1","
"
"1","[281]"
"1"," Conservative"
"1"," Conservative"
"1"," democrats   "
"1"," democrats   "
"1"," democrats   "
"1"," democrats   "
"1"," democrats   "
"1","
"
"1","[288]"
"1"," Conservative"
"1"," democrats   "
"1"," Conservative"
"1"," Conservative"
"1"," Conservative"
"1"," Conservative"
"1"," Conservative"
"1","
"
"1","[295]"
"1"," Conservative"
"1"," Conservative"
"1"," Conservative"
"1"," Conservative"
"1"," Conservative"
"1"," democrats   "
"1"," democrats   "
"1","
"
"1","[302]"
"1"," Conservative"
"1"," Conservative"
"1"," Conservative"
"1"," democrats   "
"1"," Conservative"
"1"," Conservative"
"1"," democrats   "
"1","
"
"1","[309]"
"1"," Conservative"
"1"," Conservative"
"1"," Conservative"
"1"," Conservative"
"1"," Conservative"
"1"," Conservative"
"1"," Conservative"
"1","
"
"1","[316]"
"1"," democrats   "
"1"," democrats   "
"1"," Conservative"
"1"," Conservative"
"1"," Conservative"
"1"," Conservative"
"1"," Conservative"
"1","
"
"1","[323]"
"1"," democrats   "
"1"," Conservative"
"1"," Conservative"
"1"," Conservative"
"1"," Conservative"
"1"," Conservative"
"1"," Conservative"
"1","
"
"1","[330]"
"1"," democrats   "
"1"," democrats   "
"1"," Conservative"
"1"," democrats   "
"1"," Conservative"
"1"," democrats   "
"1"," Conservative"
"1","
"
"1","[337]"
"1"," democrats   "
"1"," Conservative"
"1"," democrats   "
"1"," democrats   "
"1"," Conservative"
"1"," Conservative"
"1"," democrats   "
"1","
"
"1","[344]"
"1"," democrats   "
"1"," Conservative"
"1"," Conservative"
"1"," democrats   "
"1"," democrats   "
"1"," democrats   "
"1"," Conservative"
"1","
"
"1","[351]"
"1"," Conservative"
"1"," Conservative"
"1"," Conservative"
"1"," Conservative"
"1"," democrats   "
"1"," Conservative"
"1"," Conservative"
"1","
"
"1","[358]"
"1"," Conservative"
"1"," Conservative"
"1"," democrats   "
"1"," Conservative"
"1"," Conservative"
"1"," Conservative"
"1"," Conservative"
"1","
"
"1","[365]"
"1"," Conservative"
"1"," democrats   "
"1"," Conservative"
"1"," Conservative"
"1"," democrats   "
"1"," democrats   "
"1"," Conservative"
"1","
"
"1","[372]"
"1"," democrats   "
"1"," democrats   "
"1"," Conservative"
"1"," Conservative"
"1"," Conservative"
"1"," Conservative"
"1"," democrats   "
"1","
"
"1","[379]"
"1"," democrats   "
"1"," democrats   "
"1"," democrats   "
"1"," Conservative"
"1"," democrats   "
"1"," democrats   "
"1"," Conservative"
"1","
"
"1","[386]"
"1"," democrats   "
"1"," democrats   "
"1"," democrats   "
"1"," Conservative"
"1"," democrats   "
"1"," Conservative"
"1"," Conservative"
"1","
"
"1","[393]"
"1"," democrats   "
"1"," Conservative"
"1"," Conservative"
"1"," democrats   "
"1"," democrats   "
"1"," democrats   "
"1"," Conservative"
"1","
"
"1","[400]"
"1"," Conservative"
"1"," Conservative"
"1"," Conservative"
"1"," Conservative"
"1"," Conservative"
"1"," democrats   "
"1"," Conservative"
"1","
"
"1","[407]"
"1"," Conservative"
"1"," Conservative"
"1"," Conservative"
"1"," Conservative"
"1"," Conservative"
"1"," Conservative"
"1"," democrats   "
"1","
"
"1","[414]"
"1"," Conservative"
"1"," Conservative"
"1"," Conservative"
"1"," Conservative"
"1"," Conservative"
"1"," Conservative"
"1"," Conservative"
"1","
"
"1","[421]"
"1"," Conservative"
"1"," Conservative"
"1"," Conservative"
"1"," Conservative"
"1"," democrats   "
"1"," democrats   "
"1"," democrats   "
"1","
"
"1","[428]"
"1"," Conservative"
"1"," Conservative"
"1"," Conservative"
"1"," Conservative"
"1"," democrats   "
"1"," Conservative"
"1"," Conservative"
"1","
"
"1","[435]"
"1"," democrats   "
"1"," Conservative"
"1"," Conservative"
"1"," democrats   "
"1"," Conservative"
"1"," Conservative"
"1"," democrats   "
"1","
"
"1","[442]"
"1"," democrats   "
"1"," democrats   "
"1"," Conservative"
"1"," Conservative"
"1"," Conservative"
"1"," democrats   "
"1"," Conservative"
"1","
"
"1","[449]"
"1"," democrats   "
"1"," Conservative"
"1"," Conservative"
"1"," democrats   "
"1"," Conservative"
"1"," democrats   "
"1"," Conservative"
"1","
"
"1","[456]"
"1"," democrats   "
"1"," Conservative"
"1"," democrats   "
"1"," Conservative"
"1"," Conservative"
"1"," democrats   "
"1"," Conservative"
"1","
"
"1","[463]"
"1"," democrats   "
"1"," democrats   "
"1"," democrats   "
"1"," Conservative"
"1"," Conservative"
"1"," Conservative"
"1"," democrats   "
"1","
"
"1","[470]"
"1"," Conservative"
"1"," Conservative"
"1"," democrats   "
"1"," Conservative"
"1"," Conservative"
"1"," democrats   "
"1"," Conservative"
"1","
"
"1","[477]"
"1"," Conservative"
"1"," democrats   "
"1"," Conservative"
"1"," democrats   "
"1"," Conservative"
"1"," democrats   "
"1"," Conservative"
"1","
"
"1","[484]"
"1"," democrats   "
"1"," democrats   "
"1"," democrats   "
"1"," Conservative"
"1"," democrats   "
"1"," democrats   "
"1"," Conservative"
"1","
"
"1","[491]"
"1"," democrats   "
"1"," Conservative"
"1"," Conservative"
"1"," democrats   "
"1"," democrats   "
"1"," Conservative"
"1"," democrats   "
"1","
"
"1","[498]"
"1"," democrats   "
"1"," Conservative"
"1"," democrats   "
"1"," democrats   "
"1"," Conservative"
"1"," Conservative"
"1"," Conservative"
"1","
"
"1","[505]"
"1"," Conservative"
"1"," democrats   "
"1"," democrats   "
"1"," Conservative"
"1"," Conservative"
"1"," Conservative"
"1"," Conservative"
"1","
"
"1","[512]"
"1"," democrats   "
"1"," democrats   "
"1"," democrats   "
"1"," Conservative"
"1"," democrats   "
"1"," Conservative"
"1"," democrats   "
"1","
"
"1","[519]"
"1"," democrats   "
"1"," Conservative"
"1"," democrats   "
"1"," Conservative"
"1"," Conservative"
"1"," democrats   "
"1"," democrats   "
"1","
"
"1","[526]"
"1"," democrats   "
"1"," democrats   "
"1"," democrats   "
"1"," Conservative"
"1"," democrats   "
"1"," democrats   "
"1"," Conservative"
"1","
"
"1","[533]"
"1"," democrats   "
"1"," democrats   "
"1"," democrats   "
"1"," democrats   "
"1"," democrats   "
"1"," democrats   "
"1"," democrats   "
"1","
"
"1","[540]"
"1"," Conservative"
"1"," democrats   "
"1"," Conservative"
"1"," democrats   "
"1"," democrats   "
"1"," democrats   "
"1"," democrats   "
"1","
"
"1","[547]"
"1"," democrats   "
"1"," democrats   "
"1"," Conservative"
"1"," democrats   "
"1"," democrats   "
"1"," democrats   "
"1"," democrats   "
"1","
"
"1","[554]"
"1"," democrats   "
"1"," democrats   "
"1"," Conservative"
"1"," democrats   "
"1"," Conservative"
"1"," democrats   "
"1"," Conservative"
"1","
"
"1","[561]"
"1"," Conservative"
"1"," democrats   "
"1"," Conservative"
"1"," democrats   "
"1"," Conservative"
"1"," Conservative"
"1"," democrats   "
"1","
"
"1","[568]"
"1"," Conservative"
"1"," democrats   "
"1"," democrats   "
"1"," democrats   "
"1"," Conservative"
"1"," democrats   "
"1"," democrats   "
"1","
"
"1","[575]"
"1"," Conservative"
"1"," democrats   "
"1"," democrats   "
"1"," democrats   "
"1"," democrats   "
"1"," democrats   "
"1"," democrats   "
"1","
"
"1","[582]"
"1"," democrats   "
"1"," democrats   "
"1"," democrats   "
"1"," democrats   "
"1"," democrats   "
"1"," Conservative"
"1"," Conservative"
"1","
"
"1","[589]"
"1"," Conservative"
"1"," democrats   "
"1"," Conservative"
"1"," Conservative"
"1"," Conservative"
"1"," democrats   "
"1"," democrats   "
"1","
"
"1","[596]"
"1"," democrats   "
"1"," democrats   "
"1"," democrats   "
"1"," democrats   "
"1"," democrats   "
"1"," democrats   "
"1"," democrats   "
"1","
"
"1","[603]"
"1"," democrats   "
"1"," democrats   "
"1"," democrats   "
"1"," democrats   "
"1"," democrats   "
"1"," democrats   "
"1"," democrats   "
"1","
"
"1","[610]"
"1"," democrats   "
"1"," Conservative"
"1"," democrats   "
"1"," democrats   "
"1"," democrats   "
"1"," democrats   "
"1"," democrats   "
"1","
"
"1","[617]"
"1"," democrats   "
"1"," democrats   "
"1"," Conservative"
"1"," democrats   "
"1"," Conservative"
"1"," Conservative"
"1"," Conservative"
"1","
"
"1","[624]"
"1"," democrats   "
"1"," democrats   "
"1"," democrats   "
"1"," Conservative"
"1"," democrats   "
"1"," Conservative"
"1"," Conservative"
"1","
"
"1","[631]"
"1"," Conservative"
"1"," Conservative"
"1"," Conservative"
"1"," Conservative"
"1"," democrats   "
"1"," Conservative"
"1"," Conservative"
"1","
"
"1","[638]"
"1"," Conservative"
"1"," Conservative"
"1"," Conservative"
"1"," Conservative"
"1"," Conservative"
"1"," Conservative"
"1"," democrats   "
"1","
"
"1","[645]"
"1"," Conservative"
"1"," Conservative"
"1"," Conservative"
"1"," Conservative"
"1"," Conservative"
"1"," Conservative"
"1"," democrats   "
"1","
"
"1","[652]"
"1"," Conservative"
"1"," Conservative"
"1"," Conservative"
"1"," Conservative"
"1"," Conservative"
"1"," democrats   "
"1"," Conservative"
"1","
"
"1","[659]"
"1"," Conservative"
"1"," Conservative"
"1"," Conservative"
"1"," Conservative"
"1"," Conservative"
"1"," democrats   "
"1"," Conservative"
"1","
"
"1","[666]"
"1"," Conservative"
"1"," Conservative"
"1"," Conservative"
"1"," Conservative"
"1"," democrats   "
"1"," Conservative"
"1"," Conservative"
"1","
"
"1","[673]"
"1"," Conservative"
"1"," Conservative"
"1"," Conservative"
"1"," Conservative"
"1"," Conservative"
"1"," Conservative"
"1"," Conservative"
"1","
"
"1","[680]"
"1"," democrats   "
"1"," Conservative"
"1"," Conservative"
"1"," democrats   "
"1"," democrats   "
"1"," Conservative"
"1"," democrats   "
"1","
"
"1","[687]"
"1"," Conservative"
"1"," Conservative"
"1"," Conservative"
"1"," democrats   "
"1"," democrats   "
"1"," Conservative"
"1"," democrats   "
"1","
"
"1","[694]"
"1"," Conservative"
"1"," Conservative"
"1"," Conservative"
"1"," Conservative"
"1"," democrats   "
"1"," Conservative"
"1"," Conservative"
"1","
"
"1","[701]"
"1"," democrats   "
"1"," Conservative"
"1"," democrats   "
"1"," democrats   "
"1"," Conservative"
"1"," Conservative"
"1"," Conservative"
"1","
"
"1","[708]"
"1"," Conservative"
"1"," Conservative"
"1"," Conservative"
"1"," democrats   "
"1"," Conservative"
"1"," Conservative"
"1"," Conservative"
"1","
"
"1","[715]"
"1"," Conservative"
"1"," democrats   "
"1"," Conservative"
"1"," Conservative"
"1"," democrats   "
"1"," Conservative"
"1"," democrats   "
"1","
"
"1","[722]"
"1"," Conservative"
"1"," democrats   "
"1"," democrats   "
"1"," democrats   "
"1"," democrats   "
"1"," democrats   "
"1"," Conservative"
"1","
"
"1","[729]"
"1"," democrats   "
"1"," democrats   "
"1"," democrats   "
"1"," democrats   "
"1"," democrats   "
"1"," democrats   "
"1"," democrats   "
"1","
"
"1","[736]"
"1"," democrats   "
"1"," democrats   "
"1"," democrats   "
"1"," Conservative"
"1"," democrats   "
"1"," democrats   "
"1"," democrats   "
"1","
"
"1","[743]"
"1"," democrats   "
"1"," democrats   "
"1"," Conservative"
"1"," democrats   "
"1"," Conservative"
"1"," Conservative"
"1"," Conservative"
"1","
"
"1","[750]"
"1"," Conservative"
"1"," Conservative"
"1"," democrats   "
"1"," democrats   "
"1"," Conservative"
"1"," Conservative"
"1"," Conservative"
"1","
"
"1","[757]"
"1"," Conservative"
"1"," democrats   "
"1"," Conservative"
"1"," Conservative"
"1"," Conservative"
"1"," Conservative"
"1"," Conservative"
"1","
"
"1","[764]"
"1"," Conservative"
"1"," Conservative"
"1"," Conservative"
"1"," Conservative"
"1"," Conservative"
"1"," Conservative"
"1"," democrats   "
"1","
"
"1","[771]"
"1"," Conservative"
"1"," Conservative"
"1"," Conservative"
"1"," Conservative"
"1"," Conservative"
"1"," Conservative"
"1"," Conservative"
"1","
"
"1","[778]"
"1"," democrats   "
"1"," Conservative"
"1"," democrats   "
"1"," Conservative"
"1"," democrats   "
"1"," democrats   "
"1"," democrats   "
"1","
"
"1","[785]"
"1"," democrats   "
"1"," Conservative"
"1"," democrats   "
"1"," democrats   "
"1"," Conservative"
"1"," Conservative"
"1"," democrats   "
"1","
"
"1","[792]"
"1"," Conservative"
"1"," democrats   "
"1"," Conservative"
"1"," Conservative"
"1"," democrats   "
"1"," Conservative"
"1"," Conservative"
"1","
"
"1","[799]"
"1"," democrats   "
"1"," democrats   "
"1"," democrats   "
"1"," democrats   "
"1"," Conservative"
"1"," Conservative"
"1"," Conservative"
"1","
"
"1","[806]"
"1"," democrats   "
"1"," Conservative"
"1"," Conservative"
"1"," Conservative"
"1"," Conservative"
"1"," Conservative"
"1"," Conservative"
"1","
"
"1","[813]"
"1"," democrats   "
"1"," Conservative"
"1"," Conservative"
"1"," democrats   "
"1"," Conservative"
"1"," Conservative"
"1"," Conservative"
"1","
"
"1","[820]"
"1"," Conservative"
"1"," Conservative"
"1"," democrats   "
"1"," democrats   "
"1"," democrats   "
"1"," democrats   "
"1"," Conservative"
"1","
"
"1","[827]"
"1"," Conservative"
"1"," democrats   "
"1"," democrats   "
"1"," Conservative"
"1"," Conservative"
"1"," Conservative"
"1"," Conservative"
"1","
"
"1","[834]"
"1"," Conservative"
"1"," democrats   "
"1"," democrats   "
"1"," Conservative"
"1"," Conservative"
"1"," Conservative"
"1"," Conservative"
"1","
"
"1","[841]"
"1"," democrats   "
"1"," Conservative"
"1"," democrats   "
"1"," Conservative"
"1"," Conservative"
"1"," Conservative"
"1"," Conservative"
"1","
"
"1","[848]"
"1"," Conservative"
"1"," Conservative"
"1"," Conservative"
"1"," Conservative"
"1"," democrats   "
"1"," Conservative"
"1"," Conservative"
"1","
"
"1","[855]"
"1"," Conservative"
"1"," Conservative"
"1","
"
"1",""
"1","Levels: "
"1",""
"1","Conservative democrats"
"1",""
"1","
"
"0","# append to df"
"0","beforeData$party <- beforePredictions"
"0",""
"0","write.csv(beforeData, ""data/ModeledDataBefore.csv"")"
"0",""
"0",""
"0","# Load after data"
"0","afterData <- read.csv(""data/cleanDataAfter.csv"")"
"0",""
"0",""
"0","# generate the DTM to match train data"
"0","afterCorpus <- Corpus(VectorSource(afterData$text))"
"0","afterDtm <- DocumentTermMatrix(afterCorpus,"
"0","                                control = list(dictionary = Terms(dtmSparse),  # Use training terms"
"0","                                               weighting = weightTfIdf,"
"0","                                               ngramLengths = c(1, 3)))"
"2","Warning: custom functions are ignored"
"2","Warning: empty document(s): 50 90 114 138 161 194 200 218 244 252 258 281 300 353 357 435 714 814 824 833 874 894 906 910 927 942"
"2","Warning: unreferenced term(s): presid unit complet meltdown congratul harri victori funni machin presidenti singl intellig serv announc hhs kennedi secretari confus fill morn sincer someth administr appar believ evid fraud peopl receiv ufc concert ladi perri jame potenti agenc epa becom crisi decid differ earn economi emerg escal especi everyth heartbreak here histor hous howev illeg improv increas indic inflat intern let’ liber mani multipl polici priorit regist secur signific situat struggl togeth voic anticip anyon sinc chao immigr march accus finger nate deserv comfort agre analysi futur there celebr endors ralli swift taylor refus interfer parti leav updat abort pill warn opportun outcom chang relat wast carri skip murder audienc countri rpolit conspiraci leftw stole daili experi biden’ fetterman nanci alleg decis everi jail trump’ bob casey commission counti folk republ steal tri unregist donat engag messag that theyr what democraci violat suprem earli eve mcdonald anoth mcconnel requir ridicul titl domin nomin achiev alreadi astound climat deepli impress massiv noth polit remark theori behalf confid creat cri definit ensur fenc hot issu mayb natur other possibl realiti realli sourc everyon meanwhil trumpvanc vanc nolt sentenc urg surg eric lobbi pardon activ advoc asid babi conveni cycl happi individu perspect proabort reproduct valu approv candid conserv liter servic coverag abl absolut assembl challeng dodg excit figur giant industri regul revers ruin ident fraudul investig offici registr everywher abus genuin probabl reliev kari lake landslid bash cnn’s conced violenc susi wile certifi realiz strength genesius promis • elit choic desanti extrem charg judg alon prolif kamala’ posit someon specif frontpag mag uncount physic filibust schumer pleas import lifetim studi declar consid continu mandat overwhelm provid anyth colleg convers disagre manag moder mouth offend respond surpris cours legisl minor negat offic outreach quot saturday surrend surviv feloni els minut constitut insid inspir arrest middl jimmi georg failur busi quit hundr lay damag postelect privat examin citi prepar tactic elector easili baffl averag cop corrupt danc declin derang despit entir expens groceri heavili hotel indict legaci marri marriag mine pandem peer prais qualiti readi releas safeti shop terrifi trick truli outlet rep toss atlanta silenc mccormick undat ukrain ron googl critic hilari articl featur penc dismiss accur polymarket assum recommend doc reveal ‘make appli altern blueski integr describ becam bizarr symbol arriv nomine coupl disinform display doubl hispan misinform misogyni mistak particular resort rhetor scari compar demograph garbag incumb journalist offer pretti rent solv stress vibe defi alert rais alli davi cooki smear deni denial embrac orient denier ignor illinoi associ expos choos depart rig editori rush dakota thune abandon acknowledg januari novemb scienc treason wors anxieti guard remov texa anymor calm strengthen worri berni critiqu employ militari necessari glass orang angri disqualifi establish fals inform intent particip patriot prosecut radic shenanigan your ammunit clash famili aggress maralago welcom advic america’ apolog asham brainwash appreci beauti whine andi endur forev histori imagin imposs trash guarante hammer includ linda quarter devast delawar transgend parent youtub rememb advanc hole edg gift goe demonstr capabl communiti courag discourag divis expand frustrat fundament healthcar immedi inclus incred ivf justic marijuana neglect presenc repres sens sever simpli stori tran troubl uncertainti uniti vulner weight femal littl pledg pressur brighter europ germani attach author feder jeffrey kelli oppos pictur polic seiz terror sudden michell compani owner congression sorri encount plead respons jennif labour afternoon allegi alway bodi coalit concess conscienc determin emot guid knowledg loyalti mobil neighbor optim organ peac principl rang resolv separ societi sometim squar tyranni volunt optimist expert overal undermin carvill famous “’s affair annoy captur chant convict defens destruct drove enemi excus highlight melt partner popul lawmak outrag sunday argu desir econom educ foundat gate heritag institut involv kevin landscap nonsens replac convinc manipul chanc downvot atlant dictat disabl express veteran abil defam amaz generat leak 💙💙💙 forc horribl ring tune assassin independ nativ region slight unlik oprah winfrey exhaust griev thoma dot shirt vow upcom advertis committe consist swingstat crash statewid guardian competit preview anderson billionair bruce dave gaetz hill jone lopez mari min moor sam susan suspici undecid resid billi energi weekend wound nobel smooth exclus dog insan opposit advantag vaccin tip amend beach censor crimin footbal magazin univers complac whatev consum bidenharri friday hurrican measur octob thursday armi caus satisfi lawsuit bombshel eri weigh flame controversi decad angel brendan clark fulli hillari martin rachel riley sander deleg larg liberti toni wright allianc brown chip fri grace guest hampshir madison ruben senior session summer tennesse encourag motiv outsid unfortun deputi invit contrast crazi disgust command effici ramaswami vivek grab forgiv dedic unleash eventu retir tire panel propos appal cathol chines crush identifi most msg observ otherwis primari reli speaker stanc underestim unhing victim volum wit youv mcdonald’ prioriti vandal garden blatant inaugur desper advis dhs onlin pundit employe enabl liar oppon persecut plagiar activist nonprofit confer disast defin elig divid document execut purpos church antisemit centuri slip bulli suppos betray debat infrastructur recess bezo combat easi nation’ recogn handl cbs doctor oper surround duti gather communic favorit harass practic influenc episod german ideolog prosper suicid regim vehicl recal blast wrap attent deliv wapo rnc noncitizen cowork msm eminem incom invest unfit aftermath bare subscript abolish bite prevail schwarzenegg cat elder relev onion sponsor viral empti scare dismantl preserv soldier ultim battl contribut deceiv economist simultan terribl corpor explan financi fortun irrelev legitim nobodi own stack statist theyv translat loud visit anchor host initi network bathroom perhap utter signatur absente addit anim avail bigotri classroom environ explod flaw grassroot journey larger mislead mock petit simpl whenev religi therefor collect intimid marco extens exploit aliv duck outperform holi lucki purpl backlash strategi embarrass financ piec restor provision drink comedian hinchcliff milwauke beyoncé houston pitch promot peanut boat maddow notic alien pentagon resourc ‘garbage’ shred sanctuari float nationwid scheme skew solut app compil thwart rubio halt spous awar websit elimin fiscal tradit fli collaps dept justifi exampl women’ locat ugli imag fck las downballot settl cool bend charlamagn tha minist snub lawfar narrat dirti gallego trip fundrais sport essenti slim bakeri cultur probe balanc hoax digit reveng squirrel verifi cring dinner mika suppli alter grass pumpkin purg wheel consequ astroturf bust refer condit fec caller medicar healthi democrats’ hostin sunni censorship musk’ tucker empir mitch halloween scrambl grift hegseth ‘trump stab pac ‘’s traitor withdraw ditch delet hatr mcmahon chairman supremacist pop ship judici assign psaki invalid stun doge homan laken traffick oversea properti hospit audit megyn parenthood medicaid czar whoopi cite fema hush draft radio goldberg cia applic sale longrang missil brain devic counsel scarborough discrimin"
"0","# Convert to a matrix and scale"
"0","afterDtmMatrix <- as.matrix(afterDtm)"
"0","afterDtmScaled <- scale(afterDtmMatrix)"
"0","afterFeatures <- as.data.frame(afterDtmScaled)"
"0",""
"0",""
"0","#organize data so that it matched train data and model can be applied"
"0","missing_cols <- setdiff(names(trainData), names(afterFeatures)) #find diff cols"
"0","afterFeatures[missing_cols] <- 0  # Add missing columns with 0, gives nan"
"0","afterFeatures <- afterFeatures[, names(trainData)]  # Reorder columns"
"0","afterFeatures[is.na(afterFeatures)] <- 0 # make nans 0s"
"0",""
"0","afterFeatures <- afterFeatures[, -2469] # remove label col"
"0",""
"0",""
"0","# Make predictions on new data"
"0","afterPredictions <- predict(model, afterFeatures)"
"0","print(afterPredictions)"
"1","   [1]"
"1"," democrats   "
"1"," Conservative"
"1"," Conservative"
"1"," Conservative"
"1"," Conservative"
"1"," Conservative"
"1"," Conservative"
"1","
"
"1","   [8]"
"1"," Conservative"
"1"," democrats   "
"1"," democrats   "
"1"," democrats   "
"1"," democrats   "
"1"," democrats   "
"1"," Conservative"
"1","
"
"1","  [15]"
"1"," Conservative"
"1"," Conservative"
"1"," democrats   "
"1"," Conservative"
"1"," Conservative"
"1"," democrats   "
"1"," democrats   "
"1","
"
"1","  [22]"
"1"," Conservative"
"1"," democrats   "
"1"," Conservative"
"1"," Conservative"
"1"," democrats   "
"1"," Conservative"
"1"," Conservative"
"1","
"
"1","  [29]"
"1"," Conservative"
"1"," Conservative"
"1"," Conservative"
"1"," democrats   "
"1"," Conservative"
"1"," Conservative"
"1"," democrats   "
"1","
"
"1","  [36]"
"1"," Conservative"
"1"," Conservative"
"1"," Conservative"
"1"," Conservative"
"1"," Conservative"
"1"," Conservative"
"1"," Conservative"
"1","
"
"1","  [43]"
"1"," Conservative"
"1"," democrats   "
"1"," Conservative"
"1"," Conservative"
"1"," Conservative"
"1"," democrats   "
"1"," democrats   "
"1","
"
"1","  [50]"
"1"," Conservative"
"1"," Conservative"
"1"," democrats   "
"1"," democrats   "
"1"," democrats   "
"1"," Conservative"
"1"," Conservative"
"1","
"
"1","  [57]"
"1"," Conservative"
"1"," Conservative"
"1"," Conservative"
"1"," Conservative"
"1"," Conservative"
"1"," democrats   "
"1"," democrats   "
"1","
"
"1","  [64]"
"1"," Conservative"
"1"," democrats   "
"1"," Conservative"
"1"," democrats   "
"1"," democrats   "
"1"," democrats   "
"1"," Conservative"
"1","
"
"1","  [71]"
"1"," democrats   "
"1"," Conservative"
"1"," Conservative"
"1"," democrats   "
"1"," democrats   "
"1"," Conservative"
"1"," Conservative"
"1","
"
"1","  [78]"
"1"," Conservative"
"1"," Conservative"
"1"," Conservative"
"1"," Conservative"
"1"," democrats   "
"1"," Conservative"
"1"," Conservative"
"1","
"
"1","  [85]"
"1"," democrats   "
"1"," democrats   "
"1"," democrats   "
"1"," democrats   "
"1"," Conservative"
"1"," Conservative"
"1"," Conservative"
"1","
"
"1","  [92]"
"1"," Conservative"
"1"," Conservative"
"1"," democrats   "
"1"," Conservative"
"1"," Conservative"
"1"," Conservative"
"1"," democrats   "
"1","
"
"1","  [99]"
"1"," Conservative"
"1"," Conservative"
"1"," democrats   "
"1"," Conservative"
"1"," Conservative"
"1"," democrats   "
"1"," democrats   "
"1","
"
"1"," [106]"
"1"," democrats   "
"1"," Conservative"
"1"," democrats   "
"1"," democrats   "
"1"," democrats   "
"1"," Conservative"
"1"," Conservative"
"1","
"
"1"," [113]"
"1"," democrats   "
"1"," Conservative"
"1"," Conservative"
"1"," Conservative"
"1"," Conservative"
"1"," democrats   "
"1"," Conservative"
"1","
"
"1"," [120]"
"1"," democrats   "
"1"," democrats   "
"1"," democrats   "
"1"," democrats   "
"1"," democrats   "
"1"," Conservative"
"1"," democrats   "
"1","
"
"1"," [127]"
"1"," democrats   "
"1"," Conservative"
"1"," Conservative"
"1"," Conservative"
"1"," democrats   "
"1"," Conservative"
"1"," Conservative"
"1","
"
"1"," [134]"
"1"," democrats   "
"1"," Conservative"
"1"," Conservative"
"1"," democrats   "
"1"," Conservative"
"1"," democrats   "
"1"," democrats   "
"1","
"
"1"," [141]"
"1"," Conservative"
"1"," Conservative"
"1"," Conservative"
"1"," democrats   "
"1"," Conservative"
"1"," Conservative"
"1"," democrats   "
"1","
"
"1"," [148]"
"1"," democrats   "
"1"," democrats   "
"1"," Conservative"
"1"," Conservative"
"1"," Conservative"
"1"," Conservative"
"1"," democrats   "
"1","
"
"1"," [155]"
"1"," democrats   "
"1"," Conservative"
"1"," Conservative"
"1"," democrats   "
"1"," democrats   "
"1"," Conservative"
"1"," Conservative"
"1","
"
"1"," [162]"
"1"," Conservative"
"1"," Conservative"
"1"," Conservative"
"1"," democrats   "
"1"," democrats   "
"1"," Conservative"
"1"," democrats   "
"1","
"
"1"," [169]"
"1"," democrats   "
"1"," democrats   "
"1"," Conservative"
"1"," democrats   "
"1"," Conservative"
"1"," democrats   "
"1"," democrats   "
"1","
"
"1"," [176]"
"1"," democrats   "
"1"," Conservative"
"1"," democrats   "
"1"," democrats   "
"1"," Conservative"
"1"," democrats   "
"1"," Conservative"
"1","
"
"1"," [183]"
"1"," democrats   "
"1"," democrats   "
"1"," Conservative"
"1"," democrats   "
"1"," democrats   "
"1"," democrats   "
"1"," democrats   "
"1","
"
"1"," [190]"
"1"," democrats   "
"1"," democrats   "
"1"," Conservative"
"1"," Conservative"
"1"," Conservative"
"1"," democrats   "
"1"," Conservative"
"1","
"
"1"," [197]"
"1"," Conservative"
"1"," Conservative"
"1"," Conservative"
"1"," Conservative"
"1"," democrats   "
"1"," Conservative"
"1"," democrats   "
"1","
"
"1"," [204]"
"1"," democrats   "
"1"," democrats   "
"1"," democrats   "
"1"," democrats   "
"1"," Conservative"
"1"," democrats   "
"1"," Conservative"
"1","
"
"1"," [211]"
"1"," Conservative"
"1"," democrats   "
"1"," Conservative"
"1"," democrats   "
"1"," Conservative"
"1"," Conservative"
"1"," Conservative"
"1","
"
"1"," [218]"
"1"," Conservative"
"1"," Conservative"
"1"," Conservative"
"1"," Conservative"
"1"," Conservative"
"1"," Conservative"
"1"," Conservative"
"1","
"
"1"," [225]"
"1"," Conservative"
"1"," democrats   "
"1"," Conservative"
"1"," Conservative"
"1"," Conservative"
"1"," Conservative"
"1"," Conservative"
"1","
"
"1"," [232]"
"1"," democrats   "
"1"," Conservative"
"1"," democrats   "
"1"," democrats   "
"1"," Conservative"
"1"," democrats   "
"1"," democrats   "
"1","
"
"1"," [239]"
"1"," Conservative"
"1"," democrats   "
"1"," Conservative"
"1"," Conservative"
"1"," Conservative"
"1"," Conservative"
"1"," Conservative"
"1","
"
"1"," [246]"
"1"," Conservative"
"1"," Conservative"
"1"," democrats   "
"1"," Conservative"
"1"," Conservative"
"1"," democrats   "
"1"," Conservative"
"1","
"
"1"," [253]"
"1"," democrats   "
"1"," Conservative"
"1"," Conservative"
"1"," Conservative"
"1"," Conservative"
"1"," Conservative"
"1"," Conservative"
"1","
"
"1"," [260]"
"1"," Conservative"
"1"," democrats   "
"1"," democrats   "
"1"," democrats   "
"1"," Conservative"
"1"," democrats   "
"1"," Conservative"
"1","
"
"1"," [267]"
"1"," Conservative"
"1"," democrats   "
"1"," democrats   "
"1"," democrats   "
"1"," democrats   "
"1"," Conservative"
"1"," Conservative"
"1","
"
"1"," [274]"
"1"," democrats   "
"1"," democrats   "
"1"," democrats   "
"1"," Conservative"
"1"," democrats   "
"1"," Conservative"
"1"," democrats   "
"1","
"
"1"," [281]"
"1"," Conservative"
"1"," Conservative"
"1"," democrats   "
"1"," democrats   "
"1"," Conservative"
"1"," democrats   "
"1"," Conservative"
"1","
"
"1"," [288]"
"1"," Conservative"
"1"," democrats   "
"1"," Conservative"
"1"," democrats   "
"1"," democrats   "
"1"," Conservative"
"1"," Conservative"
"1","
"
"1"," [295]"
"1"," democrats   "
"1"," Conservative"
"1"," democrats   "
"1"," Conservative"
"1"," Conservative"
"1"," Conservative"
"1"," democrats   "
"1","
"
"1"," [302]"
"1"," democrats   "
"1"," Conservative"
"1"," democrats   "
"1"," Conservative"
"1"," democrats   "
"1"," democrats   "
"1"," democrats   "
"1","
"
"1"," [309]"
"1"," democrats   "
"1"," Conservative"
"1"," Conservative"
"1"," Conservative"
"1"," Conservative"
"1"," democrats   "
"1"," democrats   "
"1","
"
"1"," [316]"
"1"," democrats   "
"1"," Conservative"
"1"," Conservative"
"1"," Conservative"
"1"," democrats   "
"1"," democrats   "
"1"," Conservative"
"1","
"
"1"," [323]"
"1"," democrats   "
"1"," Conservative"
"1"," Conservative"
"1"," Conservative"
"1"," Conservative"
"1"," democrats   "
"1"," Conservative"
"1","
"
"1"," [330]"
"1"," Conservative"
"1"," democrats   "
"1"," Conservative"
"1"," Conservative"
"1"," Conservative"
"1"," Conservative"
"1"," Conservative"
"1","
"
"1"," [337]"
"1"," Conservative"
"1"," democrats   "
"1"," Conservative"
"1"," Conservative"
"1"," Conservative"
"1"," Conservative"
"1"," Conservative"
"1","
"
"1"," [344]"
"1"," Conservative"
"1"," Conservative"
"1"," democrats   "
"1"," Conservative"
"1"," Conservative"
"1"," Conservative"
"1"," democrats   "
"1","
"
"1"," [351]"
"1"," democrats   "
"1"," Conservative"
"1"," Conservative"
"1"," Conservative"
"1"," Conservative"
"1"," Conservative"
"1"," Conservative"
"1","
"
"1"," [358]"
"1"," democrats   "
"1"," Conservative"
"1"," Conservative"
"1"," democrats   "
"1"," democrats   "
"1"," democrats   "
"1"," Conservative"
"1","
"
"1"," [365]"
"1"," Conservative"
"1"," Conservative"
"1"," Conservative"
"1"," democrats   "
"1"," democrats   "
"1"," democrats   "
"1"," Conservative"
"1","
"
"1"," [372]"
"1"," democrats   "
"1"," Conservative"
"1"," Conservative"
"1"," Conservative"
"1"," Conservative"
"1"," democrats   "
"1"," Conservative"
"1","
"
"1"," [379]"
"1"," democrats   "
"1"," Conservative"
"1"," democrats   "
"1"," Conservative"
"1"," Conservative"
"1"," democrats   "
"1"," democrats   "
"1","
"
"1"," [386]"
"1"," democrats   "
"1"," Conservative"
"1"," Conservative"
"1"," democrats   "
"1"," Conservative"
"1"," Conservative"
"1"," Conservative"
"1","
"
"1"," [393]"
"1"," democrats   "
"1"," Conservative"
"1"," democrats   "
"1"," Conservative"
"1"," Conservative"
"1"," Conservative"
"1"," democrats   "
"1","
"
"1"," [400]"
"1"," Conservative"
"1"," democrats   "
"1"," democrats   "
"1"," Conservative"
"1"," Conservative"
"1"," Conservative"
"1"," democrats   "
"1","
"
"1"," [407]"
"1"," Conservative"
"1"," Conservative"
"1"," Conservative"
"1"," Conservative"
"1"," Conservative"
"1"," democrats   "
"1"," democrats   "
"1","
"
"1"," [414]"
"1"," democrats   "
"1"," Conservative"
"1"," Conservative"
"1"," democrats   "
"1"," Conservative"
"1"," Conservative"
"1"," Conservative"
"1","
"
"1"," [421]"
"1"," Conservative"
"1"," democrats   "
"1"," Conservative"
"1"," Conservative"
"1"," democrats   "
"1"," Conservative"
"1"," Conservative"
"1","
"
"1"," [428]"
"1"," democrats   "
"1"," Conservative"
"1"," democrats   "
"1"," Conservative"
"1"," democrats   "
"1"," Conservative"
"1"," Conservative"
"1","
"
"1"," [435]"
"1"," Conservative"
"1"," Conservative"
"1"," democrats   "
"1"," democrats   "
"1"," Conservative"
"1"," Conservative"
"1"," Conservative"
"1","
"
"1"," [442]"
"1"," Conservative"
"1"," Conservative"
"1"," Conservative"
"1"," Conservative"
"1"," Conservative"
"1"," democrats   "
"1"," Conservative"
"1","
"
"1"," [449]"
"1"," Conservative"
"1"," democrats   "
"1"," Conservative"
"1"," democrats   "
"1"," Conservative"
"1"," Conservative"
"1"," Conservative"
"1","
"
"1"," [456]"
"1"," democrats   "
"1"," Conservative"
"1"," Conservative"
"1"," Conservative"
"1"," Conservative"
"1"," Conservative"
"1"," democrats   "
"1","
"
"1"," [463]"
"1"," Conservative"
"1"," Conservative"
"1"," Conservative"
"1"," democrats   "
"1"," democrats   "
"1"," Conservative"
"1"," democrats   "
"1","
"
"1"," [470]"
"1"," Conservative"
"1"," Conservative"
"1"," Conservative"
"1"," democrats   "
"1"," Conservative"
"1"," Conservative"
"1"," democrats   "
"1","
"
"1"," [477]"
"1"," democrats   "
"1"," Conservative"
"1"," Conservative"
"1"," democrats   "
"1"," Conservative"
"1"," democrats   "
"1"," democrats   "
"1","
"
"1"," [484]"
"1"," Conservative"
"1"," Conservative"
"1"," democrats   "
"1"," Conservative"
"1"," Conservative"
"1"," Conservative"
"1"," Conservative"
"1","
"
"1"," [491]"
"1"," Conservative"
"1"," Conservative"
"1"," democrats   "
"1"," Conservative"
"1"," Conservative"
"1"," Conservative"
"1"," Conservative"
"1","
"
"1"," [498]"
"1"," democrats   "
"1"," Conservative"
"1"," Conservative"
"1"," Conservative"
"1"," Conservative"
"1"," Conservative"
"1"," Conservative"
"1","
"
"1"," [505]"
"1"," Conservative"
"1"," democrats   "
"1"," Conservative"
"1"," Conservative"
"1"," democrats   "
"1"," democrats   "
"1"," democrats   "
"1","
"
"1"," [512]"
"1"," democrats   "
"1"," Conservative"
"1"," democrats   "
"1"," Conservative"
"1"," democrats   "
"1"," Conservative"
"1"," Conservative"
"1","
"
"1"," [519]"
"1"," democrats   "
"1"," Conservative"
"1"," Conservative"
"1"," Conservative"
"1"," democrats   "
"1"," Conservative"
"1"," Conservative"
"1","
"
"1"," [526]"
"1"," Conservative"
"1"," Conservative"
"1"," democrats   "
"1"," Conservative"
"1"," democrats   "
"1"," Conservative"
"1"," Conservative"
"1","
"
"1"," [533]"
"1"," Conservative"
"1"," Conservative"
"1"," democrats   "
"1"," Conservative"
"1"," democrats   "
"1"," democrats   "
"1"," Conservative"
"1","
"
"1"," [540]"
"1"," democrats   "
"1"," democrats   "
"1"," democrats   "
"1"," democrats   "
"1"," democrats   "
"1"," democrats   "
"1"," democrats   "
"1","
"
"1"," [547]"
"1"," Conservative"
"1"," democrats   "
"1"," Conservative"
"1"," democrats   "
"1"," Conservative"
"1"," democrats   "
"1"," democrats   "
"1","
"
"1"," [554]"
"1"," Conservative"
"1"," Conservative"
"1"," Conservative"
"1"," Conservative"
"1"," Conservative"
"1"," Conservative"
"1"," democrats   "
"1","
"
"1"," [561]"
"1"," Conservative"
"1"," Conservative"
"1"," Conservative"
"1"," Conservative"
"1"," democrats   "
"1"," democrats   "
"1"," Conservative"
"1","
"
"1"," [568]"
"1"," Conservative"
"1"," Conservative"
"1"," Conservative"
"1"," Conservative"
"1"," Conservative"
"1"," Conservative"
"1"," democrats   "
"1","
"
"1"," [575]"
"1"," democrats   "
"1"," Conservative"
"1"," democrats   "
"1"," democrats   "
"1"," democrats   "
"1"," democrats   "
"1"," Conservative"
"1","
"
"1"," [582]"
"1"," democrats   "
"1"," Conservative"
"1"," Conservative"
"1"," Conservative"
"1"," Conservative"
"1"," Conservative"
"1"," democrats   "
"1","
"
"1"," [589]"
"1"," Conservative"
"1"," Conservative"
"1"," democrats   "
"1"," Conservative"
"1"," democrats   "
"1"," democrats   "
"1"," democrats   "
"1","
"
"1"," [596]"
"1"," democrats   "
"1"," democrats   "
"1"," Conservative"
"1"," democrats   "
"1"," democrats   "
"1"," democrats   "
"1"," Conservative"
"1","
"
"1"," [603]"
"1"," Conservative"
"1"," democrats   "
"1"," democrats   "
"1"," Conservative"
"1"," Conservative"
"1"," democrats   "
"1"," Conservative"
"1","
"
"1"," [610]"
"1"," Conservative"
"1"," democrats   "
"1"," Conservative"
"1"," Conservative"
"1"," democrats   "
"1"," Conservative"
"1"," Conservative"
"1","
"
"1"," [617]"
"1"," Conservative"
"1"," democrats   "
"1"," democrats   "
"1"," democrats   "
"1"," democrats   "
"1"," democrats   "
"1"," Conservative"
"1","
"
"1"," [624]"
"1"," democrats   "
"1"," Conservative"
"1"," democrats   "
"1"," democrats   "
"1"," Conservative"
"1"," Conservative"
"1"," Conservative"
"1","
"
"1"," [631]"
"1"," Conservative"
"1"," Conservative"
"1"," democrats   "
"1"," democrats   "
"1"," Conservative"
"1"," democrats   "
"1"," Conservative"
"1","
"
"1"," [638]"
"1"," Conservative"
"1"," Conservative"
"1"," Conservative"
"1"," democrats   "
"1"," Conservative"
"1"," Conservative"
"1"," democrats   "
"1","
"
"1"," [645]"
"1"," democrats   "
"1"," democrats   "
"1"," Conservative"
"1"," democrats   "
"1"," democrats   "
"1"," democrats   "
"1"," democrats   "
"1","
"
"1"," [652]"
"1"," Conservative"
"1"," Conservative"
"1"," democrats   "
"1"," democrats   "
"1"," democrats   "
"1"," democrats   "
"1"," democrats   "
"1","
"
"1"," [659]"
"1"," democrats   "
"1"," Conservative"
"1"," Conservative"
"1"," democrats   "
"1"," Conservative"
"1"," Conservative"
"1"," democrats   "
"1","
"
"1"," [666]"
"1"," Conservative"
"1"," Conservative"
"1"," Conservative"
"1"," Conservative"
"1"," democrats   "
"1"," Conservative"
"1"," Conservative"
"1","
"
"1"," [673]"
"1"," democrats   "
"1"," democrats   "
"1"," Conservative"
"1"," Conservative"
"1"," Conservative"
"1"," Conservative"
"1"," democrats   "
"1","
"
"1"," [680]"
"1"," Conservative"
"1"," Conservative"
"1"," Conservative"
"1"," Conservative"
"1"," Conservative"
"1"," Conservative"
"1"," Conservative"
"1","
"
"1"," [687]"
"1"," democrats   "
"1"," Conservative"
"1"," democrats   "
"1"," Conservative"
"1"," Conservative"
"1"," democrats   "
"1"," democrats   "
"1","
"
"1"," [694]"
"1"," democrats   "
"1"," Conservative"
"1"," Conservative"
"1"," Conservative"
"1"," Conservative"
"1"," Conservative"
"1"," democrats   "
"1","
"
"1"," [701]"
"1"," Conservative"
"1"," Conservative"
"1"," Conservative"
"1"," Conservative"
"1"," democrats   "
"1"," Conservative"
"1"," Conservative"
"1","
"
"1"," [708]"
"1"," democrats   "
"1"," Conservative"
"1"," democrats   "
"1"," Conservative"
"1"," democrats   "
"1"," Conservative"
"1"," Conservative"
"1","
"
"1"," [715]"
"1"," democrats   "
"1"," democrats   "
"1"," Conservative"
"1"," Conservative"
"1"," Conservative"
"1"," Conservative"
"1"," democrats   "
"1","
"
"1"," [722]"
"1"," Conservative"
"1"," Conservative"
"1"," democrats   "
"1"," democrats   "
"1"," democrats   "
"1"," Conservative"
"1"," Conservative"
"1","
"
"1"," [729]"
"1"," Conservative"
"1"," democrats   "
"1"," democrats   "
"1"," Conservative"
"1"," Conservative"
"1"," Conservative"
"1"," Conservative"
"1","
"
"1"," [736]"
"1"," Conservative"
"1"," Conservative"
"1"," Conservative"
"1"," Conservative"
"1"," Conservative"
"1"," democrats   "
"1"," Conservative"
"1","
"
"1"," [743]"
"1"," Conservative"
"1"," democrats   "
"1"," democrats   "
"1"," democrats   "
"1"," Conservative"
"1"," democrats   "
"1"," democrats   "
"1","
"
"1"," [750]"
"1"," democrats   "
"1"," Conservative"
"1"," Conservative"
"1"," Conservative"
"1"," democrats   "
"1"," Conservative"
"1"," Conservative"
"1","
"
"1"," [757]"
"1"," Conservative"
"1"," Conservative"
"1"," democrats   "
"1"," Conservative"
"1"," Conservative"
"1"," Conservative"
"1"," Conservative"
"1","
"
"1"," [764]"
"1"," democrats   "
"1"," democrats   "
"1"," democrats   "
"1"," Conservative"
"1"," democrats   "
"1"," Conservative"
"1"," democrats   "
"1","
"
"1"," [771]"
"1"," Conservative"
"1"," Conservative"
"1"," Conservative"
"1"," Conservative"
"1"," Conservative"
"1"," democrats   "
"1"," Conservative"
"1","
"
"1"," [778]"
"1"," democrats   "
"1"," democrats   "
"1"," democrats   "
"1"," democrats   "
"1"," democrats   "
"1"," Conservative"
"1"," democrats   "
"1","
"
"1"," [785]"
"1"," Conservative"
"1"," democrats   "
"1"," Conservative"
"1"," Conservative"
"1"," Conservative"
"1"," Conservative"
"1"," Conservative"
"1","
"
"1"," [792]"
"1"," Conservative"
"1"," Conservative"
"1"," Conservative"
"1"," democrats   "
"1"," Conservative"
"1"," Conservative"
"1"," Conservative"
"1","
"
"1"," [799]"
"1"," Conservative"
"1"," Conservative"
"1"," democrats   "
"1"," democrats   "
"1"," Conservative"
"1"," democrats   "
"1"," democrats   "
"1","
"
"1"," [806]"
"1"," Conservative"
"1"," democrats   "
"1"," democrats   "
"1"," democrats   "
"1"," democrats   "
"1"," Conservative"
"1"," democrats   "
"1","
"
"1"," [813]"
"1"," democrats   "
"1"," Conservative"
"1"," Conservative"
"1"," democrats   "
"1"," democrats   "
"1"," Conservative"
"1"," Conservative"
"1","
"
"1"," [820]"
"1"," democrats   "
"1"," Conservative"
"1"," democrats   "
"1"," Conservative"
"1"," Conservative"
"1"," Conservative"
"1"," democrats   "
"1","
"
"1"," [827]"
"1"," Conservative"
"1"," democrats   "
"1"," Conservative"
"1"," Conservative"
"1"," Conservative"
"1"," democrats   "
"1"," Conservative"
"1","
"
"1"," [834]"
"1"," democrats   "
"1"," democrats   "
"1"," democrats   "
"1"," democrats   "
"1"," democrats   "
"1"," Conservative"
"1"," democrats   "
"1","
"
"1"," [841]"
"1"," democrats   "
"1"," Conservative"
"1"," Conservative"
"1"," Conservative"
"1"," Conservative"
"1"," Conservative"
"1"," Conservative"
"1","
"
"1"," [848]"
"1"," Conservative"
"1"," Conservative"
"1"," Conservative"
"1"," Conservative"
"1"," Conservative"
"1"," democrats   "
"1"," Conservative"
"1","
"
"1"," [855]"
"1"," democrats   "
"1"," democrats   "
"1"," Conservative"
"1"," democrats   "
"1"," Conservative"
"1"," Conservative"
"1"," democrats   "
"1","
"
"1"," [862]"
"1"," democrats   "
"1"," Conservative"
"1"," Conservative"
"1"," Conservative"
"1"," Conservative"
"1"," Conservative"
"1"," Conservative"
"1","
"
"1"," [869]"
"1"," Conservative"
"1"," democrats   "
"1"," democrats   "
"1"," Conservative"
"1"," democrats   "
"1"," Conservative"
"1"," Conservative"
"1","
"
"1"," [876]"
"1"," Conservative"
"1"," Conservative"
"1"," democrats   "
"1"," Conservative"
"1"," Conservative"
"1"," Conservative"
"1"," Conservative"
"1","
"
"1"," [883]"
"1"," Conservative"
"1"," Conservative"
"1"," Conservative"
"1"," Conservative"
"1"," democrats   "
"1"," Conservative"
"1"," Conservative"
"1","
"
"1"," [890]"
"1"," Conservative"
"1"," democrats   "
"1"," Conservative"
"1"," democrats   "
"1"," Conservative"
"1"," democrats   "
"1"," democrats   "
"1","
"
"1"," [897]"
"1"," Conservative"
"1"," Conservative"
"1"," Conservative"
"1"," democrats   "
"1"," democrats   "
"1"," democrats   "
"1"," democrats   "
"1","
"
"1"," [904]"
"1"," Conservative"
"1"," democrats   "
"1"," Conservative"
"1"," Conservative"
"1"," Conservative"
"1"," democrats   "
"1"," Conservative"
"1","
"
"1"," [911]"
"1"," Conservative"
"1"," democrats   "
"1"," Conservative"
"1"," Conservative"
"1"," Conservative"
"1"," democrats   "
"1"," democrats   "
"1","
"
"1"," [918]"
"1"," democrats   "
"1"," democrats   "
"1"," democrats   "
"1"," democrats   "
"1"," Conservative"
"1"," Conservative"
"1"," democrats   "
"1","
"
"1"," [925]"
"1"," Conservative"
"1"," Conservative"
"1"," Conservative"
"1"," democrats   "
"1"," Conservative"
"1"," democrats   "
"1"," Conservative"
"1","
"
"1"," [932]"
"1"," democrats   "
"1"," Conservative"
"1"," democrats   "
"1"," democrats   "
"1"," democrats   "
"1"," democrats   "
"1"," democrats   "
"1","
"
"1"," [939]"
"1"," Conservative"
"1"," democrats   "
"1"," democrats   "
"1"," Conservative"
"1"," Conservative"
"1"," democrats   "
"1"," Conservative"
"1","
"
"1"," [946]"
"1"," democrats   "
"1"," democrats   "
"1"," democrats   "
"1"," Conservative"
"1"," Conservative"
"1"," Conservative"
"1"," democrats   "
"1","
"
"1"," [953]"
"1"," democrats   "
"1"," democrats   "
"1"," democrats   "
"1"," Conservative"
"1"," Conservative"
"1"," Conservative"
"1"," Conservative"
"1","
"
"1"," [960]"
"1"," Conservative"
"1"," Conservative"
"1"," Conservative"
"1"," Conservative"
"1"," democrats   "
"1"," Conservative"
"1"," Conservative"
"1","
"
"1"," [967]"
"1"," Conservative"
"1"," Conservative"
"1"," democrats   "
"1"," Conservative"
"1"," democrats   "
"1"," Conservative"
"1"," Conservative"
"1","
"
"1"," [974]"
"1"," Conservative"
"1"," Conservative"
"1"," Conservative"
"1"," democrats   "
"1"," Conservative"
"1"," Conservative"
"1"," Conservative"
"1","
"
"1"," [981]"
"1"," Conservative"
"1"," democrats   "
"1"," Conservative"
"1"," Conservative"
"1"," Conservative"
"1"," democrats   "
"1"," Conservative"
"1","
"
"1"," [988]"
"1"," democrats   "
"1"," democrats   "
"1"," Conservative"
"1"," Conservative"
"1"," Conservative"
"1"," democrats   "
"1"," democrats   "
"1","
"
"1"," [995]"
"1"," Conservative"
"1"," Conservative"
"1"," democrats   "
"1"," Conservative"
"1"," Conservative"
"1"," Conservative"
"1","
"
"1"," [ reached getOption(""max.print"") -- omitted 77 entries ]
"
"1",""
"1","Levels: "
"1",""
"1","Conservative democrats"
"1",""
"1","
"
"0","# append to df"
"0","afterData$party <- afterPredictions"
"0",""
"0","write.csv(afterData, ""data/ModeledDataAfter.csv"")"
"0",""
"0","# warning indicates words that were in training set that aren't in test set"
